id,nick,gender,marry_state,height,weight,education,residence_province,residence_city,age,interest,self_introduce,income,horoscope,blood_type,profession,hometown_province,hometown_city,ethnic,university,career,my_label,love_concept,favorite_mate,info_finish_percent,audit_state,avatar_certify,real_certify,education_certify,update_time
391315432,天山来客,male,0,176,50,4,,成都,33,,资料都是真实的，自己在新都经营小店。有个小窝在双流韩国城，父母他们也在成都定居。漂泊了那么多年，就像一首歌里所唱的:真的想， 寂寞的时候有个伴。日子再忙 ，也有人一起吃早餐。虽然这种想法明明就是太简单，只想有人在一起不管明天在哪里。,2,金牛座,O,,四川,成都,56,,,,,,,,,,,
391437935,岁月,male,1,177,52,5,,青岛,41,,我容易相处，为人实在，低调做人，踏实做事，懂得照顾呵护自己的女人是我最大的优点。习惯换位思考，只是些许大男子主义，不过也仅限于很偶然的那么几天，算是男性每个月的生理期，俗称大姨夫。性格开朗温顺的我是你值得信任和依靠托付一生的人。,4,双子座,O,7,福建,厦门,56,,,,,,,,,,,
282182123,为你而来,male,0,183,64,5,,深圳,36,,一转眼年纪已经不小了，来深圳13年，07年-2017年一直在银行工作，18年开始自己创业，目前公司运营稳定。现在主要就是找一位喜欢的人，共度此生，我对女生条件不要求，只要彼此喜欢，其它的都可以磨合。本人喜欢健身，对自身要求比较高，基本一周锻炼3次。,5,狮子座,,3,广东,深圳,56,,,,,,,,,,,
244389161,Panu,male,0,180,72,8,,海淀,36,,我是芬兰数学家，在中科院工作. 我想找一个在北京工作和生活的女朋友.,5,天秤座,O,4,其他,,,,,,,,,,,,,
197836311,在下未婚,male,0,168,59,5,,贵阳,29,"[影视, 音乐, 读书, 计算机, 电子游戏, 中国菜, 励志与成功, 动漫与幽默, 历史传记, 健康与养生, 投资理财, 爱情, 喜剧, 动作冒险, 古装武侠, 动画, 政治事件, 娱乐八卦, 体育赛事, 畅销书, 影视热片, 商场, 电影院, 温泉, 卡拉OK, 惬意海岛, 名山古刹, 繁华都市, 风情名城, 广袤森林]",本人身高168，不胖不瘦，收入尚可，因工作原因长期出差在外，但是我的信仰是没有本事就没有选择，现在正在努力提升自己，以比较良好的状态回到家乡。也因为工作原因无法接触到适合的女生，所以借助平台想与美丽的你相遇。我性格阳光上进，幽默大方。在家人同事朋友间都有比较不错的评价。爱好广泛，有看书（可以加豆瓣交流），数码产品（手机与电脑），球鞋动态，穿衣搭配，唱歌，摄影（有兴趣可以加qq与微信，里面有些不成熟的作品）。我在与人相处过程中比较善于换位思考，注重交流，所以在生活中极少与人发生冲突，相信与你的交往也会有不错的体验。以上就是我的王婆卖瓜，期待与你的相遇。,4,巨蟹座,,26,贵州,贵阳,56,河海大学,,,,,,,,,,
177929372,不离不弃ever,male,0,175,99,7,,西城,48,"[网络, 读书, 体育运动, 旅游, 中国菜, 健康食品, 励志与成功, 行业发展, 惬意海岛, 繁华都市, 秀美山水, 江河大川, 小桥流水人家]",北京名校本硕毕业，京户，西城有房（无贷）。别人评价人品好、靠谱、综合素质高。包容、幽默、孝顺、稳重、诚信，有责任心。休息时看书，健身，听音乐。注重饮食，健康，不吸烟不好酒，没有任何不良嗜好。自身条件不差，之所以至今未婚是因为当年从外地考到帝都一路打拼，主要精力放在学业工作上，也因为婚姻大事关乎一生，甚至下一代，不想草率结婚，但也不是挑剔，只看缘分。***警告：本人只为婚姻，非诚勿扰远离。各种托、中介、理财、博彩、传销、支教资助等形形色色骗子被本人发现一律报警。***告诉你一个防骗秘诀：只要提到钱让你掏腰包的就是骗子，无论什么理由！！,2,天秤座,O,9,,,56,清华大学,,,,,,,,,,
173975328,Mr Rt158,male,0,175,48,7,,西城,48,"[中国菜, 健康食品, 励志与成功, 投资理财, 人文社科, 自然科学, 什么都看, 惬意海岛, 繁华都市, 秀美山水, 历史遗迹, 江河大川]","北京名校本科硕士毕业，京户京房无贷，心地善良、人品很好，做事很靠谱、孝敬长辈，很有责任感。喜欢旅行,看书,健身。不挑食，喜欢健康生活。无不良嗜好，不吸烟（也很介意别人吸烟），不好酒。现在的生活状态和心情，可以说是“想结婚,静待缘分”。众里寻她千百度，命里佳人在何处？非婚姻目的者勿扰，骗子一律报警。善意给诚意征婚的人：只要没见面核实身份谈钱就是骗子，无论借钱还是赚钱都是套路，拉黑！",2,天秤座,,26,,,56,清华大学,,,,,,,,,,
129852534,zeng,male,0,168,70,7,,贵阳,49,"[写作, 读书, 绘画, 中国菜, 文学, 政治与军事, 健康与养生, 投资理财, 人文社科, 喜剧, 战争, 纪录片, 政治事件, 理财投资, 图书馆/书店, 惬意海岛, 繁华都市, 广袤森林, 历史遗迹, 小桥流水人家]",我是1974年生，硕士学历，本科学工科。研究生读中文，做的工作是与文字有关，平时最大的爱好就是画画，或做些插图设计。我在前几年买了一套二手房，环境好，旁边有一个依河建的湿地公园。有房贷，但公积金可以覆盖房贷。无车贷。我的三观算是比较正的，从2014年开始，每月向一个儿童基金会捐一百元，每月从我的卡上自动转过去。由于种种原因，错过了一些我爱的人和爱我的人。年龄不小了，可期望还在。所以，希望在这里能找到那个\\" 我的爱人\\"。,1,双鱼座,,11,湖南,娄底,56,湘潭大学,,,,,,,,,,
133161688,大彩的一天,male,1,171,78,5,,昌平,45,"[汽车, 烹饪, 旅游, 中国菜, 泰国菜, 日本菜, 文学, 艺术与摄影, 烹饪与饮食, 旅游, 动作冒险, 悬疑推理, 纪录片, 政治事件, 相声曲艺, 休闲生活, 饭店, 电影院, 温泉, 惬意海岛, 名山古刹, 峻秀峡谷]",我有5所以男孩儿，自己带。介意就看到这儿吧。手艺人，平和，张力。真人玩笑较多，爱所有的孩子和昆虫，养什么都肥，除了孩子。自己的工作，很随意。帮我泡茶，给你做饭。给我一点点希望，我给整个海淀区力量：）备注：会滑雪。照片很洋气，实际很接地气。日子要过，更希望彼此还有一些感性和梦想。,1,天蝎座,O,11,,北京海淀,56,,,,,,,,,,,
105983137,韩洛华,male,0,172,59,5,,杭州,39,,实实在在地介绍下自己吧。从小生活在一个普通而又安静的环境中，父母都为国家打工，而我则是个内心叛逆但表现文静的好学生。原本应该像父母期望的那样传承着公职工作或者做点文化行当，但由于大学学了英法语，又因为一次巧合作为交换生出去了半年。大学毕业后就做起了外贸工作，但近几年主要从事内贸服装辅料行当。其实人生之所以精彩吧，也就是它的幻化不定，一直觉得自己以后想做个文化人、哪怕是伪文化人，没想到最后竟是个生意人。这让我想起小的时候妈妈常说我没遗传好，长得不行。那时候流行男孩国字脸、大眼、黑黑的蛮男人的感觉，而我却脸尖尖的、小眼、特白、红唇高鼻的像个姑娘。但没想到20岁后韩剧流行，老妈竟然突然说我还蛮帅的…刚过了而立之年，一直习惯孤单，其实很多时候都是一种掩饰。我真心想找一个我爱也爱我的女孩，没多大要求，只有简简单单的两点：我喜欢成熟、年纪大点没关系但不要太小的；还有就是不要瘦，因为哥哥,5,天秤座,O,6,浙江,杭州,56,浙江大学,,,,,,,,,,
102784991,小羽,male,0,181,47,5,,朝阳,37,"[网络, 音乐, 体育运动, 旅游, 电子游戏, 中国菜, 烧烤, 巧克力和甜点, 文学, 动漫与幽默, 历史传记, 动作冒险, 科幻魔幻, 悬疑推理, 动画, 体育赛事, 相声曲艺, 饭店, 电影院, 卡拉OK, 体育馆, 在自己或朋友家里, 秀美山水, 小桥流水人家]",挺懒的，懒得写这块，又挺急的，急着找对象。哎，委屈下我自己，动动笔吧。哈哈————————————————就先来个自评吧。你在看的这位帅哥，有点老了，86年的，年轻的时候那也是妥妥的回头率8成的小鲜肉一枚，可惜，时光这把杀猪刀割的有点狠。把”小鲜”都给割掉了，只剩块肉了。————————————————话说回来，好歹还是块肉，还有那么点嚼劲呢。也算风韵犹存吧。物质上呢，有房有车有稳定收入，不能说多优质。只是值得庆幸的是，我一直挺老实，也没培养出什么奢侈的追求，所以生活也就没什么压力。精神上呢，没什么精神，挺晚的了，困。————————————————-正经点吧！倔强的总是以为自己还是曾经的青葱少年，倔强的总是认为爱情会自己找来。但是时光告诉我，它更倔强，它貌似跟我不熟，不会对此网开一面。所以，我来了这里。更真诚的期待能在这里得到爱情的眷顾。找到另一半，牵着手，一起走，互相分享快乐，互相倾诉烦恼。偶尔冲那位倔强的时光打个招呼，然后依偎在一起，幸福的慢慢变老。__ _____________________补充一些，我属于比较接地气的普通人，会聊这顿的油盐柴米，明天的烤串啤酒大排档，未来某天的自驾游，也会宅在家玩会游戏，看看电影，看看综艺，听听小说相声，偶尔出门运动运动，跑跑步打打球。总之，俗人一枚，生活中也没有太多的仪式感。要真去吃个什么米其林，看个音乐会，也能看，但不会有什么陶冶情操的感觉，跟吃个麻辣烫，听个小剧场相声一个感觉，香就是好的。我呢，有房有车，就算不工作也有稳定收入，我目前也没什么太大的事业心，要做出什么大成就，每天多陪陪家人，周末带着老婆孩子玩一玩，逛一逛，健健康康，享受生活，慢慢记住生活，记录生活就知足了。______________,2,双子座,A,26,,北京朝阳,56,,,,,,,,,,,
86428720,左左,male,0,175,86,4,,虹口,34,"[网络, 绘画, 中国菜, 励志与成功, 动漫与幽默, 投资理财, 喜剧, 动作冒险, 悬疑推理, 政治事件, 娱乐八卦, 行业发展, 饭店, 电影院, 网吧, 卡拉OK, 惬意海岛]",注册佳缘有段时间了，靠谱的不靠谱的都见过几个，年纪也马上快3字头了，想找个适合的最终归宿挺难，父母么也催了紧。先说下自身条件伐，结婚硬件肯定成熟的，有车沪牌，虹口独立自住房，月薪6位数，一家金融公司的高管级别，性格还是比较随和幽默的。也没架子，千万放心。平时比较宅，不抽烟喝酒，玩玩游戏和看看电影是最大爱好，身高175，有点小肉，穿衣水平搭将，平时要么工作正装要么体恤休闲服吧，不知道有没有人能拯救了。择偶条件：娶妻取贤，正常颜值正常身材就行，1-2年内能开花结果的最好，希望你是个有正常工作的良家，男女双方思想能同步，三观相近真的挺影响婚后生活，希望早点遇到你,5,双鱼座,AB,7,,上海虹口,56,上海师范大学,,,,,,,,,,
81312178,南城阿牛,male,0,178,53,5,,南京,30,"[摄影, 音乐, 中国菜, 悬疑推理, 商场, 电影院, 逛街, 惬意海岛, 繁华都市, 风情名城, 历史遗迹]",我是南京人 93年双鱼座 身高178 IT男。爱好：摄影、健身、弹吉他这个年纪应该为了自己的终生大事考虑考虑了，所以真心寻求一位我的另一半，希望你性格温顺，有自己的想法，如果肤白又爱笑，就更加分啦。我是个浪漫随性的人，生活是现实的，也是多彩的，我需要你陪我游遍千山万水，你需要我陪你度过春夏秋冬。,2,双鱼座,,3,江苏,南京,56,,,,,,,,,,,
71120970,好男人,male,1,170,62,4,,广州,50,"[汽车, 读书, 中国菜, 健康食品, 素食, 励志与成功, 动漫与幽默, 政治与军事, 哲学与宗教, 动画, 战争, 纪录片, 政治事件, 娱乐八卦, 相声曲艺, 电影院, 温泉, 咖啡厅, 惬意海岛, 名山古刹, 风情名城, 江河大川, 峻秀峡谷]",我在广州白云区，来自湖南永州，72年出生，身高170，体重148（偏胖），离异，一孩跟前妻在湖南，已参加工作，有车有房，无需负担，平时很少联系，也不会参与我们未来的生活。 离婚原因： 她在湖南，我在广州，各有各的事业，大家都不愿放弃自己的事业，两地分居长达8年，2018年正式和平离婚。 事业状况： 离婚前（2018年前）别人一直从事广告行业，2018年离婚后改行做预制菜，自己的品牌自己的工厂，事业处于稳定发展中。,5,巨蟹座,AB,3,湖南,永州,56,湖南商学院,,,,,,,,,,
73619099,孤独的心,male,1,168,54,4,,成都,49,"[旅游, 中国菜, 文学, 投资理财, 动作冒险, 悬疑推理, 惊悚恐怖, 纪录片, 政治事件, 温泉, 在自己或朋友家里, 惬意海岛, 秀美山水, 江河大川, 峻秀峡谷]",你负责貌美如花，我负责挣钱养家......自己做点小生意，工作和生活在羊犀立交附近，时间相对自由，但有时会非常忙。业余时间喜欢弄点花花草草。酷爱旅行，喜欢自然山水，希望能够走遍祖国的山山水水，甚至环游世界。业余喜欢运动，跑步、登山、滑冰、保龄球，希望你也喜欢运动。痴迷麻将和游戏的，我们玩不到一起。柴米油盐都很俗，房子车子更是巨俗。生活很现实，我们可以讨论经济基础，希望你别太财迷。谢绝异地恋，谢绝离异带孩的。各种托，各种婊，有多远gun多远！,2,射手座,O,5,四川,成都,56,,,,,,,,,,,
391431242,紫玉兰活力的在阿曼,male,1,179,77,5,,南京,34,,紫玉兰活力的在阿曼金，不势力，乐天派，爱家长，爱干净，爱工作，喜竞技，爱足球。情专一，善做饭，常家务，轻自恋，不打扮。人低调，不吝啬，好面子。很简单的一个人，你懂的。,2,天蝎座,,,,,,,,,,,,,,,,
49575145,我心飞翔,male,0,173,90,7,,九龙坡,47,"[网络, 动物, 烹饪, 读书, 计算机, 中国菜, 健康食品, 励志与成功, 政治与军事, 哲学与宗教, 健康与养生, 自然科学, 动作冒险, 战争, 纪录片, 历史传记, 政治事件, 畅销书, 休闲生活, 行业发展, 饭店, 卡拉OK, 名山古刹, 风情名城, 高原雪域, 历史遗迹, 峻秀峡谷]",真诚交友，非诚勿扰！介绍一下自己，我在一家国企工作，工作很忙，事情也很多，但相对来讲工作比较稳定，收入也还可以。这几年为了提升自己，又用周末时间重返校园攻读研究生硕士，所以这几年基本上是5+2、白+黑的状态，也耽误了婚姻大事。我属兔，农历是75年12月，公历是76年1月，个人有点小迷信，我希望最好能找属狗、猪、羊或其次是属兔、猴、虎的女朋友，同时我长得比较年轻，基本上看不出40多岁，所以希望女方年龄也不要超过38岁。我没有结过婚，也希望找个未婚的女性。异地恋也不太方便，成功的可能性不大，我也耽误不起时间了，我主要是在主城区范围内活动，所以希望找个在主城区工作和生活的女朋友。谢谢！如果双方交往感觉不错的话，我也希望能尽快的买房结婚，早点安定下来。其他的也不知道要说什么，一切随缘吧！,2,摩羯座,B,7,,重庆九龙坡,56,重庆工商大学,,,,,,,,,,
38265098,panp8,male,0,170,92,5,,安庆,38,"[网络, 中国菜, 什么都看, 什么都看, 其他, 其它, 其他选择]",本人85年属牛的，双鱼座，更正一下。希望在这里能遇到有缘的她！西湖绿洲城(婚房，距乡间别墅2公里)2015年全款购买室内100平方，我一个人在这里住，安庆市宜秀区人。——找家庭主妇！生活无忧！稳定！我是老板！居家办公！女司机勿扰！二手的勿扰!,2,水瓶座,B,18,安徽,安庆,56,安徽大学,,,,,,,,,,
141511789,水水小鱼,male,1,172,71,5,,海淀,40,"[网络, 汽车, 音乐, 烹饪, 旅游, 中国菜, 泰国菜, 法国菜, 俄罗斯菜, 烧烤, 校园青春, 励志与成功, 动漫与幽默, 政治与军事, 历史传记, 爱情, 喜剧, 动作冒险, 科幻魔幻, 悬疑推理, 政治事件, 娱乐八卦, 体育赛事, 影视热片, 休闲生活, 饭店, 商场, 电影院, 卡拉OK, 逛街, 惬意海岛, 名山古刹, 繁华都市, 风情名城, 秀美山水]",北京土著爷们，简单的3口之家，独生子女，父母居住在海淀区圆明园附近的自家平房，我自己居住在海淀区上地附近一小区，学历大本，*党员，并在部队退伍以后，进去一家事业单位，任文职工作。有正事工作，此外每月还有一定的房租收入，有自己的独立住房和车辆，工作生活稳定。军旅生涯的历练让我格外坚强刚毅，使我在工作中积极进取，生活中勤劳肯干，任何家务皆能自理，空闲十分还可自制几道小菜，爱好音乐，电影，运动，美食，旅游等等，对于高品质生活有自己独有的见解和追求。不知道您看过我的资料感觉合适吗？我想寻找一位心灵相通，相互理解，开开心心的另一半，如果您是的话，那就赶快联系我吧，因为我深信真正的幸福不是他人恩赐得到的，而是靠自己创造付出拥有的！,2,天秤座,B,8,,北京海淀,56,中共中央党校,,,,,,,,,,
297067621,许诺,male,1,174,80,5,,汕头,47,,从颜值开始。哈。哈。我是一名医生，住市区金平区，老家鮀浦，老了我大几率会选择回归牛田洋的田园生活，有意者同行哈。离异是因为我在国外多年，聚少离多，感情不知不觉淡化了，和平分手，孩子归她。我的择友信息很简单，不符合者请勿扰。我不会挑剔，也不敢挑剔，因为人生苦短。这是我的基本情况。,2,摩羯座,,,广东,汕头,56,,,,,,,,,,,
391367356,王三水,male,1,185,78,5,,南京,40,,"作为一个40周岁的江苏南京人 有深圳户口 广东和江苏两地有住房和自己注册的公司 生活工作状态 接近自由职业 人比较随和 短婚未育 从事进出口机电设备 二级市场投资1983年出生在南京 2001年离开南京去成都念书 本科毕业以后 去过苏州 上海 广东 东南亚 北非 等地工作和生活 2008年定居深圳去年回来南京帮忙照顾家中老人以下是经常被问到的问题回答集锦：1,2,3,4,5，6,7,8,9,10",2,金牛座,AB,16,江苏,南京,56,西南财经大学,,,,,,,,,,
391293003,0,male,1,179,76,5,,深圳,47,,关于再婚：虽然婚姻在当今社会已形同儿戏。但婚姻不是男女激情，更不是一时冲动，而是两个成熟灵魂通过相识相知，慎重诚恳的选择。重组家庭，对有失败婚姻经历的人，都需要巨大的勇气。请修复好前一段婚姻带来的心灵创伤，再开始一段新的情感和婚姻，我不是情绪安慰剂，也不是自恋型人格魅力的见证人。关于再婚后的孩子父母照顾问题：我要是选择你，会对你的孩子视如己出，用心照顾，呵护，养育，对你的父母也是一样，但不代表作为你丈夫的责任，希望我们两人为了家同心协力，共同呵护家庭和家人，（注明）个人主义，想找合作伙伴的，请不要给我发信，谢谢，有些时候不打扰也是一种礼貌！我性格开朗乐观；虽不能做上绝味佳肴，却懂得生活的讲究；喜欢音乐；喜欢运动，经常晨起来锻练，喜欢的事情很多，希望有一人能和我一起去发现美，感受美！希望你温柔贤惠、性格开朗，纵使生活给了我们很多历练和考验，愿往后余生，相敬如宾、相濡以沫、相辅相成！生活不止眼前的苟且，还有诗和远方！,2,双子座,,,,,,,,,,,,,,,,
390955413,虎虎,male,1,172,62,5,,岳阳,48,,爱旅游、爱健身，在政府机关上班。寻找到善良有爱心，通情达理，且年龄在30到45岁左右、身高158以上，文化程度高中以上热爱旅行的伴侣。人生理想:与爱人同行，环游世界。,4,天秤座,,,,,,,,,,,,,,,,
390841427,Uaok,male,1,172,95,7,,加利福尼亚州,42,"[汽车, 动物, 摄影, 计算机, 体育运动, 中国菜, 健康食品, 无特别爱好, 历史传记, 投资理财, 自然科学, 悬疑推理, 战争, 纪录片, 政治事件, 体育赛事, 理财投资, 影视热片, 剧院, 电影院, 体育馆, 还没想好]",10年前来美国加州创业，不知不觉习惯了美国的生活。公司总部在洛杉矶，在深圳、福建、浙江和江西有工厂，经过十年的打拼，自创品牌已经成为美国运动领域的知名品牌。四年前已经移民美国，常年在洛杉矶居住。,5,处女座,O,16,,北京,56,清华大学,,,,,,,,,,
390774276,空白先森,male,1,171,78,5,,黔西南,32,"[网络, 影视, 计算机, 电子游戏, 中国菜, 健康食品, 素食, 动漫与幽默, 喜剧, 动作冒险, 科幻魔幻, 悬疑推理, 动画, 休闲生活, 电影院, 温泉, 咖啡厅, 卡拉OK, 在自己或朋友家里, 还没想好]",离异，目前无子女，情绪稳定，不会打麻将，闲暇时间喜欢骑机车看风景，不烂酒而且酒品好，少量抽烟，会游泳、会滑冰等等,1,金牛座,,,贵州,,,,,,,,,,,,,
390612840,阳光男孩,male,0,175,70,7,,成都,34,"[汽车, 读书, 体育运动, 旅游, 中国菜, 意大利菜, 健康食品, 励志与成功, 运动健身, 烹饪与饮食, 旅游, 爱情, 悬疑推理, 历史传记, 体育赛事, 理财投资, 影视热片, 电影院, 图书馆/书店, 体育馆, 逛街, 惬意海岛, 繁华都市, 历史遗迹]",本人阳光爱笑类型，真诚可靠，来这里真诚找结婚对象，从小家教严格，不抽烟，不喝酒，不去酒吧夜店，没有什么不良嗜好，工作之余喜欢旅游、运动、看书等，希望缘分尽快到来。那些骗子请绕道，各种投资、借钱、酒托等都是骗子，请远离我！晚点遇到你，余生都是你。祝福大家早日找到自己的心仪对象！,2,处女座,A,8,,,56,中国人民大学,,,,,,,,,,
390589656,mayday,male,0,179,46,3,,沙坪坝,29,,来自沙坪坝94年的双鱼座，也是很典型的双鱼座、现目前在家附近上班，从事数控车工行业，有一套全款三室和代步车。长相6分左右 照片有点不上相 平时很爱听歌。自我标签是善良 对待感觉忠贞 有趣的灵魂。,1,双鱼座,A,,,,56,,,,,,,,,,,
390566426,AndyXie,male,0,166,87,7,,黄浦,46,"[影视, 烹饪, 读书, 体育运动, 中国菜, 法国菜, 意大利菜, 日本菜, 政治与军事, 历史传记, 烹饪与饮食, 喜剧, 动作冒险, 悬疑推理, 剧情, 历史传记, 政治事件, 体育赛事, 影视热片, 饭店, 剧院, 酒吧, 音乐会, 咖啡厅, 惬意海岛, 繁华都市, 风情名城, 秀美山水, 历史遗迹]",加拿大籍上海人，上海外企管理工作，市中心有房有车无贷，父母过世，无兄弟姐妹，有缘找个女生相伴到老，离异无所谓，最好丁克，关键三观基本一致，能互相扶持，能坦诚沟通，再过几年不想工作了，退休可以一起周游世界，有加拿大养老医疗体系的支撑和目前家底，不需要担心养老医疗问题,5,巨蟹座,B,9,,上海黄浦,56,国外某大学,,,,,,,,,,
390256388,蓝天,male,1,172,82,4,,贵港,60,"[网络, 音乐, 中国菜, 政治与军事, 战争, 政治事件, 休闲生活, 其它, 秀美山水, 小桥流水人家]",我的性格比较有爱心，热情奔放，我的业余时间都放在了散步、看书上，我憧憬自由、自然一般的生活，希望对方是一个活泼的女孩，我在这里等着一份缘定的爱情，等着你的到来。,1,天秤座,A,,,,56,,,,,,,,,,,
390048749,RED,male,0,178,53,4,,浦东新区,35,,属于老实型的人，冰火之躯，平时相对理性，但内心如同烈焰，只是不太外露。脾气很好，还算勤劳，休息天在家会做家务。有游泳锻炼和阅读书籍的习惯。游泳已经坚持了很多年，每周都去。看完书也会写读书笔记，虽然字不大好，但还是写以帮助强化记忆。在别人看来我属于自律性强的人，只是因为我有些东西不碰，比如咖啡、奶茶、烟和酒。希望找能接受我这种情况的人。外表希望耐看些，身高不要超过170cm，其他的内在品质接触中自然能发现。感谢你坚持看到这里，本来已经可以收笔了，但是转念一想，就这么写，那还能把自己卖的出去？！！除了获得几个被查看通知，还能有什么呢！教育从娃娃抓起，竞争从自述开始。作为灵魂写手（其实我是干财务的）不得再宣传宣传。上面写滴都是真的。我是上海人，但是爷爷奶奶那辈是北京人，所以两边特质都有一些。我出生的日期是狮子座和处女座的交界处，所以两边性格也都涵盖。当年中考没考好，但是三校生的高考还是发挥不错的，分数能进同济本科的，只是志愿没填的关系落到了三本。好在现在工作稳定，除了上班工资外还接私活干干，混的没有太差。咖啡因的食品是真的没法吃，一碰就别睡觉了，效果特别好，这点真的是无法奉陪了。烟酒这辈子都不会去碰的，我可是野心勃勃，希望自己永远年轻，外表竞争不过帅哥么的关系，只希望这普通的颜值能长盛不衰。所以上下班小黄车骑骑——飞速的骑，上班7公里，下班7公里。小破车的极限性能已经发挥的淋漓尽致了，再加上游泳锻炼，身体素质无需担心(*^_^*)！对于另一半，颜值要求肯定是有的，毕竟看人首先是外貌。不写外表要求的人只是表面的“礼貌”。性格上最好动静皆宜。我自己不是什么小奶狗类型的人，只是平时书看的多比较文明，行为不会出格，但是血性犹在。如果觉得合适的话，欢迎联系。,2,处女座,AB,7,,上海浦东新区,56,,,,,,,,,,,
389992385,钻石王老帅,male,1,175,71,4,,西安,62,"[汽车, 体育运动]",本人概况：西安市居民 国企退休 相貌顺眼 身体健康 无负担 性格好要求女方：城市或县城居民 相貌顺眼 身体健康 有工作或退休 有房独居 懂道理心理健康,1,摩羯座,B,26,辽宁,,56,,,,,,,,,,,
389923193,芒果,male,1,179,95,4,,南宁,42,"[摄影, 手工艺, 读书, 中国菜, 快餐, 哲学与宗教, 其他, 爱情, 喜剧, 纪录片, 历史传记, 行业发展, 图书馆/书店, 咖啡厅, 风情名城, 高原雪域, 秀美山水, 历史遗迹, 小桥流水人家]",诚实正直的性格，喜爱看书，徒步，摄影，希望能一起丰富彼此，一起柴米油盐，一起经历一段相互欣赏，相互扶持的路。经历过失败的婚姻，努力的向内看的几年，使得自己更真切的理解到作为不同角色的自己分别应该承担怎样的责任，以及这些责任应该以怎样的方式去具体的实现。多年对于儿童教育的全新投入，让我对人有了更深刻的理解，如若再有孩子，也会有比较清晰的图景去从容的帮助孩子的成长，面对各个阶段遇到的问题已经底层的应对方式。虽然我们经过多年的成长，生理上早已变得高大魁伟，不再是那个脆弱而容易哭泣的婴儿，但大多时候，在遇到事件时，我们仍然会表现出婴儿一样的反应模式，从了解行为，到理解对方，有的人天生就会，而大部分人却要经历怎样漫长的学习过程，用理性去理解感性的另一半，男人和女人，因为不一样生理构造，不一样的的角色，不一样的原始发展经历，导致沟通法式的迥异，这个对大部分人来说，并不容易很好的平衡，而我经历很多的经历，加上碰巧工作的需要，基本具备了这样的能力。,1,天秤座,O,4,山东,菏泽,56,,,,,,,,,,,
389899091,胡说八道,male,1,176,97,7,,武汉,59,"[网络, 音乐, 园艺, 烹饪, 中国菜, 意大利菜, 健康食品, 其他, 文学, 哲学与宗教, 旅游, 什么都看, 什么都看, 政治事件, 体育赛事, 其他, 温泉, 咖啡厅, 在自己或朋友家里, 其它, 风情名城, 历史遗迹, 小桥流水人家, 其他选择]",性格：复合型；业余时间：随心所欲;生活过得：云淡风轻；心中的她：是本她。,2,射手座,,,湖北,武汉,56,华中科技大学,,,,,,,,,,
389850401,海狼,male,1,172,87,5,,合肥,41,"[网络, 中国菜, 印度菜, 烧烤, 其他, 政治与军事, 人文社科, 动作冒险, 悬疑推理, 纪录片, 剧情, 政治事件, 电影院, 高原雪域, 秀美山水, 江河大川]",一年前离婚，为了孩子，想过复婚，好像自己想多了！个人有点男子主义，不会轻易的信任他人，属于慢热型。希望能在这里找到一个陪自己走完一生的人。,1,金牛座,AB,26,江苏,南通,56,南京工程学院,,,,,,,,,,
389841171,Edwinhoyin,male,0,165,55,7,,香港,48,"[动物, 读书, 旅游, 中国菜, 意大利菜, 日本菜, 历史传记, 投资理财, 自然科学, 名山古刹, 秀美山水, 历史遗迹, 江河大川, 峻秀峡谷]",老家广东，性格随和，乐观，爱静。爱好读书，做运动和到大陆旅游。计划几年后不需要再工作时，回广东定居或者在大陆旅居，看看能不能在这里找到三观相近，有共同兴趣和可以陪伴走下半生的伴侣。南方北方的女生都没所谓，能舒服的相处就是。谢绝推介投资，保险的。,5,天蝎座,O,3,广东,肇庆,56,香港理工大学,,,,,,,,,,
389550904,行在路上,male,0,170,63,5,,武汉,35,"[动物, 摄影, 影视, 读书, 旅游, 中国菜, 健康食品, 巧克力和甜点, 文学, 艺术与摄影, 历史传记, 期刊杂志, 人文社科, 动作冒险, 古装武侠, 科幻魔幻, 动画, 纪录片, 图书馆/书店, 在自己或朋友家里, 高原雪域, 秀美山水, 历史遗迹, 小桥流水人家]",关于自己：摩羯男；关于性格：简单、真诚、体贴；关于爱好：动漫（尤爱宫崎骏）、摄影、旅游、骑行、音乐、影视、阅读、烹饪；关于宠物：养有一猫，计划再养一狗；理想婚姻：互相包容，互相支持，真诚沟通；理想生活：有人爱，有事做，有所期待；理想另一半：为人诚实，对事对人乐观、包容，在武汉工作生活；欢迎真诚的你来信。,2,射手座,,20,湖北,武汉,,,,,,,,,,,,
389518051,涛声依旧,male,2,178,85,5,,广州,36,,朋友们都说我性格成熟稳重，直来直去，喜欢看书，听歌，一直向往和未来的她能环游世界的生活，期待可以碰到一个温柔，善良的女孩，我在这里等着一份缘定的爱情，等着你的到来。,2,天秤座,,,,,,,,,,,,,,,,
389401247,洪,male,1,180,85,5,,珠海,51,,财经院校本科毕业、独立、知性儒雅、高大帅气、身材管理好、喜欢安静、运动、爱好看书。可以到任何一个城市生活。,1,双鱼座,,,,,,,,,,,,,,,,
389361471,孤帆远航,male,1,175,89,3,,福州,48,,作为一个理工直男，也曾经努力的为家人去打拼，却忽略了前任的更多感受导致婚姻失败，只希望余生能找一颗同样炽热真诚的心，好好珍惜，好好爱。,2,狮子座,AB,,,,56,,,,,,,,,,,
389137884,大叔一枚,male,2,176,64,5,,大连,47,,我想谈一场永不分离的恋爱，夕阳西下，白头到老，相濡以沫。余生我们共住一屋，同时吃三餐，携手四季。祖籍河南郑州人，我是家里的独生子，一九年丧偶，有一个女儿今年17岁现在读高二了，我来大连十几年了，现在定居中山区，父母现在身体都还好，孩子在老家上学，都以退休在家养老。 认真寻找另一半，长久的爱情应该是建立在真诚，相互信任，彼此专一，互相尊重的基础上。我想我能牵着你的手，捧起你的婚纱，走进婚姻的殿堂。请没有照片的，动机不纯的，推销，保险等等等等的女士就不要发信息了。（非诚勿扰）,2,双子座,O,,,,56,郑州大学,,,,,,,,,,
388987166,无心则无恨,male,2,179,99,5,,深圳,46,,祖籍山东青岛人，定居深圳蛇口，独生子，父母健在。有一个女儿目前在读高中，单身四年，所以介意或接受不了有孩子的就不用谈了、,5,金牛座,B,7,,,,,,,,,,,,,,
388792141,印第安牛仔,male,1,169,93,5,,长沙,50,,喜欢读书，健身，养生和健康饮食。希望在浮躁和喧哗的时代，找到属于两个人的宁静世界。,1,白羊座,,,,,56,,,,,,,,,,,
388686101,蔚蓝与湖绿,male,1,183,75,5,,海淀,55,"[影视, 音乐, 读书, 绘画, 旅游, 中国菜, 泰国菜, 日本菜, 健康食品, 素食, 文学, 艺术与摄影, 历史传记, 人文社科, 自然科学, 爱情, 喜剧, 动作冒险, 纪录片, 历史传记, 惬意海岛, 风情名城, 秀美山水, 历史遗迹, 小桥流水人家]",抱团才温暖，温暖才是像样的人生。幸福，终究是因为相伴。我的速写像：有趣的灵魂，三观正，儒雅温暖，情商不太低，思维均衡不偏激，文化修养尚可，兴趣非常广泛，有点幽默和活力，爱旅游与运动，健康，自律，无负担。小众，独立思考个性鲜明特色突出，会一直学习到临终。有点像那个独自吹箫的桃花岛主。（照片有23年的，属羊，属相以立春为分界）爱旅游，酷爱大自然。藏书万册外文书千册，看着书架就高兴。对太阳之下的一切都感兴趣，以前在文学、人文科学、百科知识、美术、设计、唱歌、听音乐等很多领域均有涉猎。思想开明、包容、均衡，东西方文化都喜欢，觉得既通晓外语又通晓中国文言文是最好的。酷爱古诗词，喜欢中国传统文化，琴棋书画皆有规划，但不愿接触那些张口闭口“国学”的人（尤其觉得一些播主是哗众取宠）。总体更偏爱欧美一点，法语西班牙语亦规划中，既为了学习多元文化，也为了那些美妙的西语葡语民歌，那些老情歌，真是触动心灵深处。文化趣味偏古典与小众，不打卡，不淄博烧烤，不追网红（但学者、艺术家、有品味者除外），喜欢有文化价值的一切。幽默，天性轻松活跃，重度云吸猫，吸小脑斧和小熊，酷爱各种动物。希望您性格不沉闷。享受运动的乐趣，注重健康，早睡早起规律有节，饮食科学合理不大鱼大肉大辣，每年体检各种指标都非常好，无“三高”等著名疾病，略知中医药。睡眠稍差，有轻胃病和轻鼻炎。开车稳重平顺，会做简单饭菜，喜欢打扫房间尤其厨卫。讲究说话方式，注重和睦圆融，不争论。在保护老婆方面你完全可以信赖我。推崇自律。不烟不酒不玩游戏不钓鱼不夜生活，无任何恶习和影响婚姻的爱好。时间才是人最珍贵的资产，而人能享用的时间并不长，选准正确的人一起挥霍剩下的生命，才能让这点寿命如同倍增。财产只是保底，真正拉开你与别人人生质量差距的，是你拥有正确的另一半。我对另一半的基本要求是：三观正，厚道，活泼，已把人生想得比较通透，必须爱读书，有些文化文艺兴趣爱好，健康，爱旅行爱活动，相貌中等，脾气别太急，别太固执，爱动物（不一定养），若不在北京居住，在江浙优美城市（如杭州）居住者也可。我也建议朋友们把要求尽量提详细，能减少无效接触。拒绝跳扰民广场舞的、溺爱孩子的、喜欢娘炮的。,2,水瓶座,A,4,河北,秦皇岛,56,北京建筑大学,,,,,,,,,,
388603261,可可西里的牧羊人,male,0,175,49,7,,广州,40,,生活中，我很开朗，乐观，喜欢挑战，喜欢高尔夫球，网球和滑雪，一直向往自由的精神和富足的生活的生活，心中的她也许是善良和美丽这样子的，我期待与你一起走过这段人生的历程，一起分享生活的酸甜苦涩。,4,狮子座,O,26,,,,,,,,,,,,,,
388434521,菱湖,male,1,174,53,7,,朝阳,49,"[影视, 烹饪, 读书, 计算机, 旅游]",不要觉得自己的过去受到了很深的伤害，从此就不敢也没有能力再爱。这世界上有那么多的人，每一个人的人生都是不同的，发生在他们身上的感情也会不同。,2,处女座,B,,,北京,56,,,,,,,,,,,
388458401,梦回梦里,male,1,170,45,7,,杭州,46,,"有过一段7年的婚姻，未有生育，不是不想生而是老天始终不给，最终两人因为生孩子的问题导致渐行渐远而最终分开，在接下来的下半生，希望有一个善良正直的她，能互相肯定互相信任，无怨无悔一起相伴到老。随着年龄越来越大，一切都看淡了， 万法随缘,自然而然。好婚姻没有固定模式， 要选择最合适自己的， 而不要有太多的条条框框， 放低一个标准可能回收获更多的幸福。 希望你我有缘。希望你是在居住在杭州或者杭州周边的，根据大家的具体情况可以生一个或者不生，如果我们觉得合适，最好尽快见面，不要把太多时间浪费在网聊上然后最后见光死，那样太受罪。",2,处女座,O,4,浙江,温州,56,浙江大学,,,,,,,,,,
388444481,等待,male,0,172,53,4,,福州,41,,北方人在南方感觉还好打算在这里安家老衲一生积德行善希望遇见靠谱的你,2,天秤座,O,26,河北,张家口,56,新疆石河子职业技术学院,,,,,,,,,,
388419390,笑脸赢人脉,male,2,175,85,4,,成都,57,,丧偶，单身两年，65年属蛇的，身高175，体重150，一个女儿以独立成家，我性格随和，有稳定收入和住房，想找一个温柔贤惠有家庭观念女士共度余生！,1,狮子座,,,,,,,,,,,,,,,,
388336121,Zeng,male,2,171,88,5,,浦东新区,36,"[影视, 音乐, 烹饪, 计算机, 体育运动, 中国菜, 文学, 历史传记, 旅游, 投资理财, 自然科学, 什么都看, 政治事件, 理财投资, 畅销书, 影视热片, 休闲生活, 商场, 电影院, 体育馆, 逛街, 在自己或朋友家里, 惬意海岛, 名山古刹, 江河大川, 峻秀峡谷]",未实名认证的别给我发消息。保证所有信息真实性，后面你想看任何证件资料都可以。写给未来的妻子每次想躺平，也怕你怪我怎么不多坚持一下。很难，我在这里等你，但是别太久。时间是把不等人的杀猪刀，会写在我的脸上，也会刻在你的脸上，希望在最好的年纪早点遇见你。1.关于我乐观开朗积极健康向上，努力打拼事业，努力改变现状，无不良嗜好，不吸烟不喝酒。喜欢跑步，每周进行一至两次长跑，这个习惯已坚持多年。爱好阅读，家里购置了不少书籍，有工作相关的技术书籍，也有文学、旅游、世界地理、风土人情、金融，平时会关注金融。除了陪伴家人，有时间的时候喜欢在家里看书。定居上海，已落户，在浦东有一套商品房，一辆代步车。2.关于生活我也喜欢旅行，以前带着家人去了不少地方。还有很多想去的地方，希望将来能跟你一起去。天气好的周末，会自驾带着家人去周边玩一下，有时候也会逛逛商场看看电影。厨艺还行，会主动做家务。3.关于婚姻婚姻有时候需要双方的互相包容和理解，因此希望你不是过于强势的。只需要一个懂生活的，性格脾气好，共同经营和谐的家庭。因为想跟你一起到老，也难以承受再次失去，所以身体要是健康的，无重大疾病(史)。我喜欢阅读，喜欢运动，如果你正好也喜欢，我们会有很多共同话题。我也会尽量走进你的生活，了解你的喜好，培养共同话题。我会给你一个温暖的家，用心呵护你，为你遮风挡雨。另外，我有一个小男孩。,5,双子座,O,3,湖南,怀化,0,,,,,,,,,,,
388218461,倒霉中分,male,0,188,60,5,,和平,35,,天津土著 普通文员 三口之家 家庭和睦 父母均退休 无负担 望寻知性，善良，孝顺女生共渡余生。,1,巨蟹座,,20,,天津和平,56,天津城市建设学院,,,,,,,,,,
388239301,珍惜,male,0,175,55,4,,丰台,34,,我在北京工作，老家是河北雄安新区，年龄是89年出生的，身份证比实际年龄大一岁，平时喜欢看电影，听音乐，也爱去健身房锻炼身体。家里是做生意的，收入稳定。也许是工作环境的原因认识的女孩子很少。自己觉得不小了，身边的朋友结婚的很多，想找一个性格好，聊得来的，奔结婚的女孩。我会珍惜对方一辈子。,4,双子座,A,16,河北,保定,56,河北科技师范学院,,,,,,,,,,
388096391,一枚可爱的男人,male,1,178,48,5,,惠州,44,"[汽车, 音乐, 烹饪, 体育运动]",我兴趣爱好比较广泛 爬山 骑行 跑步 烹饪 旅游等等 我的性格比较随和 很少发脾气 无不良爱好 不抽烟 偶尔性与朋友相聚小酌几杯 自认为不帅也不丑 相信真心真诚换真情,2,狮子座,,,福建,厦门,,,,,,,,,,,,
388069860,玉树临风,male,1,172,45,5,,威海,64,,我就是想找位能聊到一起的女人，灵魂伴侣吧！只是为了做伴我宁可自己过，必须有爱。反对aa制。虽然客观上是再婚，主观上定要当头婚经营。不要试图改变对方，只能去适应。不能有搭伙过的心态。二人互把对方看成第一，把新家看成家，有全心全意过到底的决心才可结婚，否则不要结婚。我五八年岀生，资料年龄有误。另外告知，照片是二零年六月与二一年五月的。婚姻，不仅仅是找一个异性的结合，一定是有爱作为基础，这个爱是真正的爱，是思想系统里的一部分，不是仅仅心血来潮的想法。这种爱不是占有另一个，是想并去践行让另一个愉快，幸福。最幸福的婚姻是互相都有这样的理念并践行。如果你不是这样的思想，那么，不要结婚。最后壬婆卖一次瓜吧。实事求是地说说我身心状态。心态四十岁以下，身体是五十五岁以下健康男人状态。如大部分人有的腰疼，颈椎痛等慢性病我一点点没有，至于三高等更无。得益于父亲是军医，刚参加工作父亲就告诉我许多保健知识。如父亲告诉我做家务比任何运动对身体有益程度都大。所以我从不用洗衣机洗衣服。家务我是全能型，主动型，没事找事型。如果我是女人，别人会说我有洁癖了。十里平湖霜满天，寸寸青丝愁华年，对月形单望相护，只羡鸳鸯不羡仙。最是人间留不住，容颜辞镜花辞树。所以说，我们应珍惜这似水流年！加油！！！,1,狮子座,O,8,,,56,,,,,,,,,,,
387991466,湘南*番禺*古坝*东明,male,0,175,53,4,,广州,22,"[网络, 体育运动, 中国菜, 艺术与摄影, 运动健身, 喜剧, 电影院, 图书馆/书店]","来自湖南衡阳的我.学历不高.大专毕业.浓眉单眼皮可爱小眼睛.简单,孝顺,内敛.不抽烟.不喝酒.不赌博.平时爱好游泳和打羽毛球.来到广州这个大城市.一切都要从头开始.不像在家.都有父母的关爱.来到这个平台.希望找个能同甘共苦的.一起拼搏.志同道合的人.信息虚假和找借口投资的人还请绕道.勤奋的我一直努力着，终于可以让父母因我而骄傲。但是，再坚强的我，也会有疲惫的时候，多么希望早上起床，有人为我准备了早餐；多么期待晚上下班，有盏灯在为我等候着。期待能够与一位温…非诚勿扰",1,处女座,A,23,湖南,衡阳,56,湖南铁路科技职业技术学院,,,,,,,,,,
387988763,冬天的雪花,male,0,177,61,7,,静安,31,,本人上海人，在国外生活工作多年，毕业于澳洲某大学，现在500强企业工作。关于我，外表比较阳光，温柔体贴，性格很好，无不良嗜好。做事认真，工作努力。在工作时候不希望被打扰，希望能得到你的体谅，下了班都是你的。喜欢旅游，去过不少地方，希望和爱人有生之年能够周游世界。对于女生，希望外貌气质佳，对人真诚善良。总的来说就是符合眼缘，谈得来，三观相近。具体的其实在生活中才能慢慢发现。另外抽烟爱撒谎的女生我们也不太合适～,5,天秤座,A,3,,上海黄浦,56,国外某大学,,,,,,,,,,
387936095,知守,male,1,173,75,4,,遵义,40,"[汽车, 摄影, 体育运动, 旅游, 中国菜, 励志与成功, 投资理财, 爱情, 古装武侠, 战争, 政治事件, 体育赛事, 理财投资, 相声曲艺, 剧院, 音乐会, 在自己或朋友家里, 名山古刹, 繁华都市, 高原雪域, 秀美山水, 江河大川]",在商海摸爬滚打这么多年，忽略一直没有寻找自己的幸福，幽默的独守空房，看着路边幸福的成双成对，心里不免泛起波澜，不知此时的你在哪里，我正在茫茫人海中寻找，期待与你携手共度美好人生！,4,处女座,A,6,贵州,,56,,,,,,,,,,,
387933102,乡下人,male,1,180,84,4,,长宁,60,"[音乐, 日本菜, 收藏与鉴赏]","我，上海国企上岸了。如今的我，是一个健康，简单, 内敛的单身宅家绅士。我的对口菜：面相善，性格好，朴实低调，在上海生活的带一点点优雅清爽气质的女士。平台点看遇见了，如果菜对口了，我百分百会以大拇指赞叹照片的，同时会再加了关注的。没有关注的举动就是没有心动，肯定没有故事继续的。我期待锦上添花，我坚持宁缺毋滥，我无视釜底抽薪。但是我依旧期待从天而降的缘分。谢谢各位的理解。",1,天秤座,,18,,上海长宁,56,,,,,,,,,,,
387765578,侠胆憨熊,male,0,171,81,7,,朝阳,28,"[音乐, 体育运动, 旅游]",//来信前请阅独白。我承认本人要求不低，但非常真诚认真，所以设置了明确的选择条件。不知系统为何未严格过滤，收到了很多意外来信，抱歉不能逐一回复。//憨憨的笨蛋熊一只，骨子里满富侠肝义胆，还有些睿智与勇敢。小时候武侠小说没少读，嘿嘿。酷爱旅行与运动，喜欢音乐与科幻。//虽说受过比较多的教育，但内心还是非常热血和富有激情，乐观浪漫主义者。//看问题习惯性以辨证的方式，尽管偶尔打打鸡血看起来会贴上“愤青”的标签，但其实那是一种内心热血与激情的外在展现，实际上不喜欢极端也不希望朋友爱人有极端方式。//有一点大男子主义，但绝不过度，懂得倾听心爱之人和呵护她的感受，喜欢以析理的方式解决大部分分歧。臂力惊人，但主要用在防御方面（小时候多用于进攻)，嘿嘿//期望我的她温柔体贴，美丽可人，有一定的文化素养和兴趣爱好方面的交集。//因为是认真找老婆，所以希望符合条件的女生联络我。我也设置了部分必要条件，如学历和年龄，没有任何偏见，仅是个人倾向性或喜好，请理解，谢谢。,4,天秤座,O,7,湖南,长沙,0,复旦大学,,,,,,,,,,
388071826,红色小花蕾,female,0,163,96,5,,南京,30,"[音乐, 体育运动, 旅游, 中国菜, 励志与成功, 运动健身, 旅游, 爱情, 影视热片, 休闲生活, 秀美山水, 江河大川]",我：属鸡，九三年出生并成长在长江之北、滁河之边一个以猪头肉闻名的小城，她的名字叫六**合。一家三口，都作为土生土长的本地人，标准的原生态家庭。爸爸之前从事技术工程类工作，现已退休；妈妈一直在中医院从事医务工作，今年八月将退居二线。我毕业后在幼儿园学校当老师，两年后调至本地一社区医院上班至今，目前负责社区老年健康管理。长期以来圈子简单以及宁缺毋滥执念，加上三年无休止的疫情封控和核酸采集，似乎浪费并耽误了我太多光阴。所以嘛，活该单身：）：）之前恋爱经历简单，已成为了非常遥远且非常模糊的过去。没有了疫情、脱下了大白服， 生活回归到了正常轨道，个人问题被真正提上了日程。妈妈说她退休后唯一任务就是继续为“人民”服务，这个“人民”就是我们的下一代：帮我们带孩子。但亲爱的孩子，你在哪里呢？未来的他，又在哪里呢？很早之前就听人说过这个平台并有成功案例。公元2023年6月9日，终于鼓起很大的勇气注册，希望在这里也能够邂逅美好的爱情，更希望能一路长久。忽然想起了任向东的那首老歌：我曾想过这样的画面，牵你的手走过斑马线，我们是路口最美的风景，引来羡慕的目光一片......六**合或江北的优先考虑，因为我希望离双方父母都能近一些。围绕在双方父母附近，一起陪伴他们到老，就是我最大的心愿。总书记说，不忘初心、牢记使命。那我们为了初心、为了使命而一起努力吧！备注：希望你真诚，骗子请绕道，非诚勿扰！,1,水瓶座,,8,江苏,南京,56,,,,,,,,,,,
321478970,wei,female,0,162,59,7,,南京,39,"[写作, 展览, 烹饪, 读书, 绘画, 中国菜, 健康食品, 素食, 什么都看, 纪录片, 剧情, 畅销书, 图书馆/书店, 名山古刹, 历史遗迹]",本人知书达理，性格温柔，形象气质佳，无复杂感情史。觅感情专一，作风正派，无不良嗜好及混乱感情史，行为举止得体，有责任担当的同城男子缔结家庭。留言请认真，勿频繁乱弹系统信，大家都挺忙的，谢谢！,1,白羊座,B,,江苏,南京,56,河南大学,,,,,,,,,,
184910425,天涯,female,0,160,75,5,,徐汇,35,,本人是土生土长的上海人(310)，88年出生，未婚，独生子女。学历全日制夲科。认证检测行业，英译（笔译），工作稳定，基本不加班。五官端正，文静，靠谱，为人真实好相处。家住上海徐汇区，名下市区有多套商品房无贷，另有固定收入18万／年，家境好。我的信息真实可靠，希望来信的男士也能详细介绍自已的家庭，住房，工作等情况，主动沟通，便以了解。个人资料不全的，不认真敷衍的，又沒诚意不愿介绍的免谈。有大额房贷的，有孩的请不要来信。谢谢！,1,水瓶座,,20,,上海徐汇,56,上海工程技术大学,,,,,,,,,,
89504216,杏杏,female,1,164,60,5,,杭州,67,,谢谢关注我的每一位朋友！资料上的年龄有点出入，我是54年的马，喜欢适当的旅游。我为人善良，认真负责，通情达理，这是我的天性，也是我的工作所必须的。希望遇见德才兼备，通情达理，有责任性的另一半，相濡以沫，携手夕阳，让晚年生活比以前更美好。,1,狮子座,O,9,浙江,嘉兴,56,福建中医学院,,,,,,,,,,
391174418,旺仔小馒头,female,0,171,69,5,,浦东新区,29,"[音乐, 购物, 园艺, 舞蹈, 旅游, 中国菜, 烧烤, 健康食品, 素食, 巧克力和甜点, 动漫与幽默, 历史传记, 运动健身, 健康与养生, 旅游, 爱情, 古装武侠, 科幻魔幻, 惊悚恐怖, 战争, 理财投资, 相声曲艺, 海选活动, 影视热片, 休闲生活, 酒吧, 电影院, 迪斯科, 图书馆/书店, 咖啡厅, 高原雪域, 秀美山水, 江河大川, 峻秀峡谷, 小桥流水人家]",朋友们都说我性格直率，活泼。幽默，平时喜欢瑜伽，看电影，爬山什么的，一直向往吃喝玩乐，无忧无虑的生活，期待可以碰到一个相貌堂堂，为人正直，一表人才的男孩，我在这里等着一份缘定的爱情，等着你的到来。,2,双鱼座,B,,,,56,,,,,,,,,,,
390775361,sunny,female,1,155,90,5,,渝北,45,"[中国菜, 泰国菜, 日本菜, 烧烤, 健康食品, 惬意海岛, 风情名城, 广袤森林, 秀美山水, 小桥流水人家]",没有实名认证的来信一律拉黑！医学类本科，事业单位工作。有点自由散漫，如果你也是，那我们互相都不用嫌弃，可以结伴乐游人生。喜欢旅行，去过一些国家，争取未来能看更多的世界、体会不同的文化。没有运动天赋，喜欢步行，对跑马拉松、热爱运动的人很是钦佩。讲究眼缘，不喜欢油腻感，希望对方阳光向上。经济能够自给自足，但这不是接受抠门吝啬的人的理由，男人应该有胸怀、责任与担当。一切顺其自然吧！,2,摩羯座,A,,,,56,,,,,,,,,,,
390734446,琼,female,0,163,54,5,,钦州,38,,我不抽烟，不喝酒，不打牌，不打麻将，很少发脾气,1,水瓶座,,,,,,,,,,,,,,,,
13941921,洛陽塵,female,0,167,45,4,,深圳,40,"[中国菜, 巧克力和甜点, 励志与成功, 动漫与幽默, 动作冒险, 悬疑推理, 战争, 剧情, 电影院, 咖啡厅, 惬意海岛, 名山古刹, 高原雪域, 秀美山水, 历史遗迹]","资料错了,巨蟹座。蓦然回首心戚戚，有缘的他你在哪？在熟人眼里我是个善良、温柔美丽的贤妻良母型女孩。在男生眼里，我是那种80％会喜欢，20％也不会讨厌的女生。只可惜自己属于晚熟型品种，又兼具追求完美的劣性。番然醒悟时，身边优秀的男生已被瓜分殆尽。现在的生活和学习空间相对狭窄，又无太多的时间广泛社交。所以网络交友成了我的一份希望。我来到这里，是因为大家都是热爱生活，想寻找爱情的人，彼此交往应以真诚沟通和相互信任为基础。我希望能在这里邂逅美丽的爱情，找到一生的幸福。理想中的他应该是：智慧善良、幽默大度、积极上进、乐观、有担当、足够真诚的男士，嗯,就是这样。最后,感谢浏览我资料和关注我的朋友祝福你们早日找到心仪的伴侣祝大家好运！！！",2,双子座,B,26,湖南,常德,56,,,,,,,,,,,
390528107,子宜,female,0,155,60,4,,苏州,35,,我一直认为我不是漂亮的菇凉，但一定是会过日子的菇凉。恋爱后、结婚后，做好自己的几个角色：好妻子、好儿媳、好妈妈。同时，保养好自己的皮肤和身材，持续学习和追求进步，充实自己的头脑，提升自己的能力，做好先生的同路人、孩子的领路人，甚至家庭的掌舵人。作为当下社会的女性，我希望自己在婚姻中能够独立一些，有自己的工作，但也会平衡好家庭和工作，做好家里的贤内助，让另一半无后顾之忧，可以全心全意在外拼博，好的婚姻，一定要自己用心去经营，只有两个人共同努力、共同付出，未来的生活才会和和美美。我认为两个人能走到一起，必然有这三方面的因素：两情相悦+性格三观合适+一定的经济能力，因为合适才是长久婚姻最主要因素。有时候我在想，假如遇见一个人，如果不能确定这个人是否是合适自己的那个人，我会问问自己的内心，自己最看中的是什么？最不能容忍的是什么？他身上是否有我值得看中的特性？是否有我不能容忍的缺点？不想因为年龄原因去将就，毕竟余生还很长。希望他：必须未婚，个人处理不了离异或离异带小孩那种复杂的感情关系），身高不低于168、体重健康，没有不良生活习惯即可。,1,天蝎座,,9,湖南,怀化,56,,,,,,,,,,,
287145623,桑尼,female,1,168,62,5,,朝阳,55,"[摄影, 音乐, 读书, 体育运动, 旅游, 中国菜, 意大利菜, 日本菜, 文学, 艺术与摄影, 历史传记, 旅游, 爱情, 喜剧, 剧情, 休闲生活, 剧院, 电影院, 音乐会, 温泉, 咖啡厅, 惬意海岛, 名山古刹, 秀美山水, 历史遗迹, 江河大川]",我是某医科大学临床医学系毕业，15年前创建了自己的公司，一直在医疗器械领域，希望这个冬天能够认识你，也期待和你成为彼此温暖彼此照亮的人，我的两个朋友都是在这里遇到幸福的，我也期待遇到我的幸福。,5,水瓶座,B,9,辽宁,大连,23,中国医科大学,,,,,,,,,,
251570840,小秋,female,0,158,82,4,,武汉,42,,我是本地人，家住汉口，性格温和，健康的作息和爱好，喜欢逛街、看电影、旅游。工作是电商，由于圈子陕小，所以来此，希望有缘遇到那个他，不求大福大贵，只求平平淡淡，福祸相依。寻在本地生活定居，合眼缘三观正，有修养，性格脾气好，谈得来，向往婚姻生活的男士，非诚勿扰。本人找结婚对象，其它勿扰。,1,天蝎座,,,湖北,武汉,56,,,,,,,,,,,
390028718,你最珍贵,female,1,162,56,4,,厦门,51,,我没有反复浏览异性资料的习惯，这是平台系统设置，与本人无关。我也被一些会员反复浏览资料，无可奈何，因为拉黑需要邮票。注：本人欲觅一位身体健康，作风正派，温和谦逊的男士为伴。期望您是已经在厦门岛内定居，或有能力在岛内定居的。本人现在生活状态是退休，生活安稳。我不是你的负担，你也不要带给我麻烦。***本人对于感情方面属于慢热。如果您属于急不可待，急功近利，急于求成，十万火急的性格，不合适！***不接受异地 ，异地会员请勿发信！***请发能打开信件，不然当垃圾邮件，直接删除。***请谨慎发信！条件不适合的，请勿打扰！！！,1,摩羯座,,,,,,,,,,,,,,,,
86980985,文文,female,1,167,79,3,,浦东新区,57,,"我平时喜欢运动，旅游和美食。业余时间最大的消遣是能够做一些自己喜欢的事情。我憧憬的生活是幸福安定,有一定的物质基础。希望我未来的另一半最好是性格开朗 ，为人真诚，还要有责任感。真心希望在这里能遇到我的那个他! ps：我真诚的想找到一个人陪伴走完后半生以结婚为目的，非诚勿扰！更正67年56岁",1,摩羯座,,15,黑龙江,哈尔滨,56,,,,,,,,,,,
389525651,阳光 sunshine,female,1,163,68,5,,大连,48,,大连本地人，高知家庭，性格开朗，容貌姣好，热爱生活，上得厅堂，下得厨房，喜琴棋书画，爱运动旅行。寻：能吃到一起，玩到一起，健康、善良、有胸怀、有幽默感、是一个成熟男人，携手人生路，余生一起走。,1,天秤座,B,,,,56,,,,,,,,,,,
389433838,雅,female,1,164,51,4,,深圳,47,"[网络, 摄影, 影视, 绘画, 旅游, 中国菜, 泰国菜, 日本菜, 健康食品, 艺术与摄影, 动漫与幽默, 旅游, 娱乐时尚, 爱情, 喜剧, 悬疑推理, 纪录片, 政治事件, 娱乐八卦, 相声曲艺, 畅销书, 影视热片, 音乐会, 温泉, 图书馆/书店, 咖啡厅, 在自己或朋友家里, 惬意海岛, 风情名城, 高原雪域, 秀美山水, 小桥流水人家]","本人生活在深圳罗湖区,喜欢绘画、摄影、瑜珈、旅游...希望找一个和我一样,深圳有房,不和子女同住的。向住过携手旅行的生活",2,天蝎座,B,11,辽宁,大连,56,辽宁金融职业学院,,,,,,,,,,
389173970,不取悦不迎合,female,0,166,89,4,,通州,40,,本人闪婚闪离，未育，有点偏事业心的一个普通女性，也是因为这个执念，抱着自由主义的思想，享受着独立生活的美好和安逸，错过了人生中美好的姻缘，随着时间的推移，年龄的增长，才慢慢意识到自己不再是那个想随意任性和蹦跶的小姑娘了，无论为了责任还是个人，都还是希望自己有个正常人的家庭，也能像身边的朋友和同学一样在忙碌后的时光里，卸下盔甲，能有个担心和关照我衣食冷暖的有缘人，注：（不在北京定居生活及离异有小孩的请勿来信）,2,双鱼座,,26,,,56,,,,,,,,,,,
101413172,宁静的夏天,female,1,165,87,4,,西安,37,"[中国菜, 健康食品, 素食, 巧克力和甜点, 励志与成功, 娱乐时尚, 什么都看, 爱情, 古装武侠]",离婚独自带孩子（女孩），前夫在外省定居，所以离婚没联系，关于来看孩子的问题，分开时就沟通好了，无探视权，请不要再纠结此问题。寻找一个工作稳定，性格稳定，爱干净，心地善良，三观正，顾家的男人。我不抽烟喝酒，没有不良嗜好，自认为还比较通情达理，愿尽快寻找合适的对象结束单身。,1,天蝎座,B,26,陕西,西安,56,,,,,,,,,,,
388199282,小雨,female,0,171,86,5,,长沙,24,,宅女一枚，身边没有合适男生，母胎单身，现在想寻找一位合适的男士来共度余生。以下是我个人的情况介绍：年龄：24岁净身高：171cm职业：证券从业人员性格特点：慢热型、宅女、性格温和、好相处、积极乐观、诚实善良、有责任心、喜欢小孩、爱整洁、爱旅游、会厨艺，偶尔烹饪，周末有时候会做点点心。愿意做一贤妻良母。希望对方的基本条件：1. 年龄在23-38岁之间；2. 身高不低于168cm;3. 有稳定的工作和收入；4. 有责任心，成熟稳重，有上进心；5. 对家庭和感情认真负责；6. 爱好健康生活，无不良嗜好；7. 诚实守信，家庭和谐。如果你符合以上条件，愿意和我一起走过人生的每一个阶段，那么请联系我吧！期待与你相识相知！骗子勿扰！不以结婚为目的的勿扰！,1,双子座,,7,湖南,长沙,56,,,,,,,,,,,
387849948,人在草木间,female,1,168,85,3,,闵行,57,"[中国菜, 泰国菜, 日本菜, 健康食品, 惬意海岛, 高原雪域, 秀美山水, 历史遗迹, 小桥流水人家]",一个善良，成熟、端庄、有生活情调的女人。上得厅堂、下得厨房。喜欢煲糖水、炖靓汤，做精致、清新的小菜，和自己所爱的人一起品味。一屋二人三餐四季，人生何求？希望自己永远年轻，希望生活永远美满。相信爱情，希望彼此有能力成就对方获得更多幸福感。喜欢旅游，喜欢散步，倾听爱人诉说他的喜悦、他的劳累，他的梦想……对于物质，小富即安、知足常乐。不会凯觎对方的财产，若心灵的丰富和爱情的美满，我们就是个大富翁。以后我会把家庭当成最大的事业来经营；把你，我的爱人，当成最珍贵的财富来守护。乐观、积极、善良、低调，始终对生命怀有一颗感恩的心。希望逢着一个谦谦君子，彼此真诚，彼此恩爱，彼此忠诚，直到生命的尽头。拒绝异地， 拒绝一切不以婚姻为目的的交往，理财，投资请绕道~,1,水瓶座,A,23,,上海,56,,,,,,,,,,,
387648913,tata很靠谱,female,0,160,67,7,,深圳,33,,"要谈恋爱咱就用心的，巨蟹座的我实在是无法忍受一心多用的感情，不如把时间都花在如何提升自己身上，谈恋爱咱就认真的，喜欢一起奋斗，踏实安心的感情，天涯海角，你在全球任何一个地方，我都会奋不顾身的去追随，这就是我理想的爱情, 也许有点理想化，但，这就是巨蟹座吹毛求疵的爱情。我目前从事电商，外贸行业，也经常去其他国家出差，也许接下来去美国发展，都未定，未来在哪里，也许在有你的那个城市，只要互相认可，彼此真诚，肯努力去经营，时间，距离，我想都不是问题，奋斗的生活里面希望有你的身影，网络虽然虚幻，但心不是，但愿在这里能遇到彼此合乎心意的你我，希望每个人都能收获到真心。PS: 无法接受本科以下学历和身高低于172CM的男士，纯个人喜好，无歧视的意思，祝大家早日收获到理想的幸福，非常感谢。",1,金牛座,B,,,,56,,,,,,,,,,,
386959135,征婚,female,0,160,49,4,,南宁,32,"[中国菜, 泰国菜, 法国菜, 烧烤, 健康食品, 文学, 艺术与摄影, 励志与成功, 动漫与幽默, 运动健身, 古装武侠, 科幻魔幻, 惊悚恐怖, 惬意海岛, 繁华都市, 风情名城, 历史遗迹, 小桥流水人家]",最是人间留不住，朱颜辞镜花辞树随着年纪越来越大，父母亲人的逼婚压力越来越大，眼看又近年关，唉~ 我希望能找个好男人相处一年这样就结婚，希望对方身高175以上，想为下一代考虑！现跟家人居住在南宁市，有一份朝九晚五的工作，生活简单而轻松，看似也平静快乐，也曾想过就这样顺其自然过下去，某一天随便选一个爱自己的就嫁了，不用烦恼不用花任何心思，随着时间的流逝，隐隐觉得不安慌张，害怕会后悔一生，所以我来了。我觉得自己相貌气质都还算可以吧，带得出门，也带得回来，有过两三次短暂的恋爱史，感情这种事宁缺毋滥，我希望看我资料的人能认真对待。喜好美食，喜好时尚，喜好生活，好在古朴浪漫气息的小巷里行走，听歌……向往每一个恬静的午后与你手牵手漫步夕阳下，当我幸福的望着你傻笑时你会心满意足的回应我，我只想要每一个小小在一起幸福组成的爱心……,1,射手座,A,,,,56,,,,,,,,,,,
386595061,紫芸腾,female,0,157,89,5,,广州,40,"[中国菜, 惬意海岛, 名山古刹, 秀美山水]",我来自广东，平时喜欢爬山，打羽毛球。希望对方是以结婚为目的，期待与我有缘分的人出现，一起去创造浪漫之爱，共筑一个温馨的家。 静侯佳音，执子之手，与子偕老。注：有小孩的请不要来信（不论小孩归男方还是女方），谢谢。,2,射手座,B,16,广东,韶关,56,,,,,,,,,,,
386954003,追梦人,female,0,163,74,7,,武汉,33,"[摄影, 音乐, 写作, 展览, 旅游, 中国菜, 法国菜, 意大利菜, 烧烤, 无特别爱好, 文学, 艺术与摄影, 旅游, 爱情, 古装武侠, 科幻魔幻, 悬疑推理, 剧院, 电影院, 音乐会, 咖啡厅, 游乐场, 惬意海岛, 繁华都市, 秀美山水]",城市里的追梦人，出生成长于武汉江岸区，统招硕士研究生毕业，地产企业做管理，父母机关单位已退休。情感经历甚少，热爱国学文化，喜欢林清玄的散文，喜欢TVB，喜欢小狗，喜欢和谐有爱的环境和人。从不玩网游、不打牌、没有不良嗜好。希望另一半正直善良，统招本科及以上学历。期待相濡以沫的婚姻，静待有缘人的出现，千秋指白发~~~,2,双鱼座,A,5,湖北,武汉,56,湖北民族大学,,,,,,,,,,
385121948,Bina,female,1,160,85,5,,纽约州,36,,"孝顺,靠谱,善良这是基本 必须的，不抽烟 不好酒 不打游戏 爱好不是钓鱼，不是妈宝，如果你是骗子来推销你的BTC的，还有就是想骗人帮忙登网站的。总之如果你是骗子想以各种各样的骗局骗我上钩的还是请你算了请你饶道而行，还是不要浪费时间在我身上，因为姐快奔40的人了 ，什么样的骗子都见过。",2,摩羯座,O,18,其他,其他,0,,,,,,,,,,,
384883813,佳缘会员,female,2,163,53,5,,中山,50,"[音乐, 购物, 园艺, 烹饪, 旅游, 中国菜, 法国菜, 健康食品, 素食, 无特别爱好, 什么都看, 爱情, 喜剧, 纪录片, 西部, 什么都看, 暂无, 商场, 图书馆/书店, 咖啡厅, 逛街, 在自己或朋友家里, 惬意海岛, 风情名城, 秀美山水, 历史遗迹, 还没想好]","I don\\&#039;t worship money, I don\\\\\\&#039;t pursue famous brands, and I can only satisfy myself within my own abilities. The gift money is optional. Currently single and childless, living in Tanzhou, Zhongshan (frequently in and out of Macau). I don\\\\\\&#039;t gamble, I don\\\\\\&#039;t play sparrows (in other words, people who have no fun in life), I like to stay at home (I hope not to be too homesick in the future), and I like to cook and eat on my own. I enjoy family gatherings. I have a simple mind and a simple life. The retirement life can be grand and exciting, or it can be plain and indifferent, and it can accept rural life. If there is a chance in the future, I hope to travel around China!本人择偶标准：希望他爱干净，有担当、有责任心。希望相互相处舒服，他心中有我，能照顾我。中年人最重要就是两个人过健康有质量的生活，孩子们都有自己的世界。最好不烟不洒（不接受酗酒）要以结婚为目的。我能接受全球有缘人，接受闪婚，相信一见钟情（属蛇鼠鸡最佳）。 我不拜金，不追求名牌，只有在自己能力范围内满足。礼金随意。目前单身无孩，租住在中山坦洲（常出入澳门）。我不赌博、不会打麻雀（用别人的话说就是没有人生乐趣的人）喜欢宅家（希望以后不要太宅），喜欢家庭聚会。我思想单纯，生活简单。 退休的生活可以轰轰烈烈也可以平平淡淡、可以接受田园生活。未来有机会有话，希望可以环游中国！我暂时还是三无人物（无存款、社保、工作）（社保已暂停几年了，非诚勿扰！骗子请绕",1,双子座,,18,广东,江门,56,,,,,,,,,,,
384442817,噜啦啦,female,0,165,79,5,,成都,30,,正儿八经找对象，GAY、搞耍的勿扰 谢谢合作我工作稳定，福利尚可，五险两金一直到退休，0%失业概率希望找一位有家庭责任感、安心想成家、温柔片耙耳朵、没大男子主义、没暴脾气的男士看这里：不找 大男子主义、自我为中心、我行我素、脾气大的我三观正，不抽烟 不喝酒 不麻将 不夜店，未婚未育希望你最好不经常出差的，最好也别抽烟这样周末能和三五朋友一起喝茶、郊游，品尝美食~享受快乐人生希望早点认识 温柔的你,4,射手座,,8,四川,成都,56,,,,,,,,,,,
384175094,惜缘,female,1,165,55,5,,通州,47,"[摄影, 展览, 读书, 旅游, 素食, 人文社科, 音乐会, 图书馆/书店]",北漂多年，希望能缘遇良人，携手同行。诚意征婚，非诚勿扰！（发信请贴邮票，不然看不到。）个人情况：湖北人，来京20余年，法学本科，高级职称，终生学习终生工作型；目前个人名下无房产，无车，租房住。受疫情影响，裸辞至今，现求职状态中；因年轻时被催婚而草率结之，于09年底离异，与前任此生无任何交集；偏智性恋，颜控，性情柔韧、积极乐观，极简主义者，知世故而不世故；平时除工作外，多陪伴孩子，读书、旅游、整洁家居，社交圈小，生活比较宁静规律。心目中的先生：来自于温馨的家庭，本科及以上学历，雅思6.5分以上，开朗温暖，有家庭责任感，有事业心。比较喜欢的生活状态：我们各自在自己擅长的事业领域精进发展，精神上互相扶持，生活中互相照顾，一起抚育孩子，共建温暖和睦家庭。,1,处女座,,,湖北,荆州,56,,,,,,,,,,,
383159044,一泓清泉,female,1,160,54,7,,长沙,53,,本人生于1970年，离异有一女儿，事业尚可，经济一般，2025年将退休步入老年生活。来到这个平台想找一个精神上能相通、灵魂上可依靠、生活中相依相伴、条件相当的老来伴。有其他想法的男士不必写信给我。骗子也请走开：在我这儿纯属浪费气力。抱着同样想法来到这个平台的男士应该很少，就当试试运气吧。,1,金牛座,,4,,,,,,,,,,,,,,
382999606,lily,female,0,165,61,5,,闵行,40,"[汽车, 音乐, 烹饪, 中国菜, 泰国菜, 意大利菜, 文学, 旅游, 人文社科, 爱情, 纪录片, 什么都看, 畅销书, 其他, 饭店, 剧院, 电影院, 温泉, 图书馆/书店, 惬意海岛, 风情名城, 秀美山水]",83年，身高165，60公斤，年薪100-200万（底薪100万，年终奖100万左右），两个房子一个平湖一个奉贤，一辆宝马ix3。管理100多人。一弟一妹，均已婚且有小孩。父母在银行工作，均有退休金。父亲已经离开我们。我最大的优点是非常善良，这社会少有的善良，工作努力能赚钱养家，最大的缺点是已经不年轻了拖不起了。工作上有自己的见解，目前有进一步上升的可能性，但生活上我还是希望能做个站在你身后的小女人。对你的期望：希望你心地善良，感情专一，聪明，身高173以上，有一点事业心。希望早日遇到你。,5,金牛座,O,3,陕西,咸阳,56,西安建筑科技大学,,,,,,,,,,
383384848,sss12,female,0,160,96,5,,朝阳,40,"[中国菜, 法国菜, 日本菜, 烧烤, 惬意海岛, 名山古刹, 风情名城, 广袤森林, 峻秀峡谷]",个人基本情况：黑龙江出生，身高160，长相比较小巧，比实际年龄显小，热爱生活，喜欢美食，三观较正，未婚未育，父母农民（经济条件一般，但身体健康无负担）教育：统招本科（985），在职硕士，目前民企在职（从事过外企、国企、民企）身体情况：家族无病史，本人身体健壮无病，每年偶尔感冒，爱好跑步，未来想学学滑雪，潜水，骑马，希望对方身体健康希望对方：为人正直（不做坏事、不挑战高危、不追求身体刺激）、从事正当行业，希望三观较正、情绪稳定、感情稳定，能够正能量的面对现在的社会和生活，能够热爱生活，可以接受吸烟，但不要酗酒，注意卫生不邋遢，踏实勤奋婚后生活：我年纪比较大了不具有优势，如果对方愿意可以要孩子，可以接受对方带孩子，本人也会真心对待孩子，一起教育孩子，喜欢热闹的家庭氛围，可以和父母同住，本人喜欢简单的生活，不喜欢弯弯绕绕，与其弯弯绕绕不如把时间和精力放在其他可以带来增值的事情上，希望未来可以彼此陪伴、一起游玩、共同进步备注：本人不是世纪佳缘的托，也没在本网站缴纳费用，也请世纪佳缘的托绕行，本人是个穷光蛋也不是美女，只适合过普通日子目的不纯的请绕行,2,天秤座,O,5,黑龙江,,56,大连理工大学,,,,,,,,,,
381605545,开心的寻芹,female,1,170,82,5,,大连,41,,真人留言写备注，大连本地人，住在甘井子区，父母退休也在大连，不以结婚为目的想各种聊天的勿扰！大连以外的朋友们请不要来信！谢谢！,1,天秤座,B,,辽宁,大连,56,,,,,,,,,,,
380334530,lili,female,0,162,99,7,,通州,39,"[写作, 舞蹈, 读书, 体育运动, 中国菜, 健康食品, 无特别爱好, 剧院, 电影院, 音乐会, 图书馆/书店, 咖啡厅]","互相欣赏、双向奔赴的爱情是我落地的感情观。朝九晚六的工作之余，打羽毛球、写毛笔字、行万里路、读万卷书，只是因为喜欢。运动时挥汗如雨的畅快，陌生的城市走错路却发现更美风景的惊喜，慢慢叠好干净衣服的悠然都让独自走过的时光宁静而浓烈，欣然乐见自己成为了健康、热爱生活的自己。成长的感悟让我能平和且宽容地面对接下来的人生旅程。无法预知将来,也许这正是人生岁月的真实，与你相遇是最美的时刻。来呀，互相了解吧。",2,双鱼座,A,23,,北京,56,北京大学,,,,,,,,,,
380991080,致橡树,female,0,168,62,7,,加利福尼亚州,34,"[政治事件, 理财投资, 行业发展]","常住地： 美国加州, 倾向于人在美国的生活的，有美国教育背景的，能经常实际见面的才是了解的开始, 我理智清醒冷静坚韧我未来的另一半绝不会是个需要花女人钱的男人,AA的小家子也请绕道，他一定是要比我能力强，比我有担当，不然我就独孤终老也罢，我不是恋爱脑，不作也不闹，不需要别人提供情绪价值，不需要嘘寒问暖，骗子不用费力气, 大家都成精了, 基本上看几眼，说几句话，甚至什么也不说，就能感受到彼此的气场是否相合，花半秒钟就看透事物本质的人，和花一辈子都看不清事物本质的人，注定是截然不同的命运，收入比我还低的也不要来信， 我是个财迷，喜欢说女人物质的不要来信，房车都不足挂齿。我喜欢学识渊博型，博学多识，稳重儒雅，有修养有内涵，且有致富头脑的，我不喜欢忍受清贫的生活，贫家夫妻百事哀，低调，朴实，自律，谦卑，有事业心，有开拓精神，勤奋，脾气好,德才兼备,头脑清楚, 思维清晰，能深度思考，心智成熟，人格独立，尊重女性， 洁身自好。 不是一家人，不一进一家门，不是一路人，无法同行, 彼此对对方真真正正客观实际的了解有多少，对方真实的是一个什么样的人，而不是被一切表面和假象所蒙蔽。基本只考虑是洛杉矶纽约硅谷。有孩子的不要来信, 我也不喜欢听过去的情感纠葛，错误, 遗憾和怀念, 人生终须向前看，往前走，没有人可以停留在时光里，倒是想听听你的奋斗故事，心路历程，成长经历，事业发展，人生感悟。内心脆弱，抗压抗打击能力差，情绪管理差，定力差,解决问题能力差, 自我管理能力，生活自理能力差，精神上巨婴没脑子， 爱情至上的人也不适合, 我更欣赏那些能够持续自我实现，不断成长突破自己, 工作能力很强的人。如果你的幸福感，安全感只能来自于他人(包括配偶），而不来自于你完整的自己，那我不适合你，我们不是0.5+0.5=1, 而是1+1 > 2 + ...。除了谈的来，眼缘(对秃头，肥胖，老气人士无眼缘）气质气场相合也很重要。对的人，好的婚姻能让人持续进步，不对的人，不好的婚姻则如毒瘤，喜欢就好没有无缘无故，喜欢和不喜欢也是转化，人的本性往不是久处生情而是生厌，喜新厌旧，只望越变越好。 绝不像攀援的凌霄花，借你的高枝炫耀自己；我必须是你近旁的一株木棉，作为树的形象和你站在一起。根，紧握在地下，叶，相触在云里。仿佛永远分离，却又终身相依。",5,天秤座,O,,,,56,,,,,,,,,,,
380903375,晚风,female,1,175,61,5,,丰台,50,,一个人走的时候并不觉得累只是一个人休息的时候身边多了些孤单，在这里不求那生生世世的旷世奇缘但愿有那一见钟情的感情港湾。希望能找到有责任心，有爱心，成熟，性格豁达，风趣幽默。学历不低于大学，身高在175cm以上，有稳定的收入来源，懂得彼此疼惜！,1,天蝎座,,,,,,,,,,,,,,,,
379821959,春暖花开,female,1,165,79,4,,江门,55,,我在国营企业退休，是一个独立、开朗、善良的人 ，爱好瑜伽、音乐、乒乓球、散步、烹饪等，比较宅。,1,狮子座,O,,广东,江门,56,,,,,,,,,,,
379442636,一燕孤舟,female,1,170,54,4,,静安,52,,身高170、60公斤， 身材匀称，性格阳光开朗，喜欢旅行和美食，无经济负担，身体健康无任何疾病，也无任何不良嗜好，不工作时比较安静。希望对方家庭结构简单、经济条件能自保、无抽烟、赌博等不良嗜好，自身素质较好。,2,处女座,B,,,,,,,,,,,,,,,
379786199,美好时光,female,0,161,51,5,,广州,41,"[网络, 影视, 音乐, 烹饪, 读书]",兴趣爱好：羽毛球/健身/旅游等 (^_^)；希望在对的时间，有缘遇到三观合得来的你！,2,巨蟹座,O,16,海南,,56,广东外语外贸大学,,,,,,,,,,
380219492,诸事顺利,female,1,165,86,4,,新乡,36,,"没有邮票，看不了信关于我：我是一个文静,宅,善良,有耐心的人 ，无不良嗜好，对家庭责任认真,能够把家庭放在首位。在不熟悉的人面前高冷，熟识后就话很多。会做简单家常饭菜（不许说不好吃啊）目前状况：虽然在以前的感情中受过伤，但人生的道路哪有一帆风顺，重要的活在当下，如果能在茫茫人海中遇到你，我还是会牵起你的手一起向前走今后目标：在今后的人生旅途中希望有人一起分享喜怒哀乐，幸福是一起晚饭后的散步，幸福是厨房一起炒菜做饭，幸福是夏天一起吃冰激凌啃西瓜，幸福是你的心情有人分享，有人倾听，幸福是柴米油盐汇织在一起的交响曲.......希望你：开朗，对婚姻忠诚，遇事沟通，不冷暴力，有自己的工作事业，身体健康（可以一起爬山旅游），对另一半坦诚相处，家务一起分担，无不良嗜好（如果不抽烟喝酒更好），在新乡定居",1,射手座,,10,河南,新乡,56,河南理工大学,,,,,,,,,,
378596675,王凤,female,1,162,82,3,,青岛,75,,生活中，我很善良，我的业余时间都放在了运动上，一直向往和谐的生活，期待可以碰到一个奉献的男孩，缘分，是一种人与人之间无形的连结，也是某种必然相遇和无限的可能。我期待在这里遇见你。,1,射手座,,,山东,青岛,56,,,,,,,,,,,
378630100,紫藤树,female,1,157,84,3,,南宁,66,,朋友们都说我性格内向外向各一半，喜欢听歌听音乐，一直向往和协相互尊重的生活，心中的他也许是性格开朗，有素质，平凡的心态，健康的身体 这样子的，缘分，是一种人与人之间无形的连结，也是某种必然相遇和无限的可能。我期待在这里遇见你。,1,双子座,,,,,,,,,,,,,,,,
379396666,QUAN,female,2,160,75,4,,广州,62,,湖南人，大专文化，丧偶，在广东亲戚公司做事，无任何不良嗜好，低调做人，认真做事。觅70岁以上觅70岁以上，觅70岁以上靠潽，重要的事说三遍，不玩游戏，有品位好男士，。不贴邮票的信删除，不贴邮票的信册除。不贴邮票的信册除。,1,狮子座,,,,,,,,,,,,,,,,
377993046,天空之城,female,0,162,93,7,,西安,37,,我长相甜美身材匀称非常年轻像九零后，性格活泼开朗，善良温和，感情经历简单，洁身自好无同居史，相信爱情，相信缘分。我是西安一所公办学校的老师，喜欢学校的环境。工作稳定待遇好，我的家庭宽裕，父母开明。由于家庭教育的原因，一直忙学习和工作，加上圈子小，一直没遇到合适的另一半。希望你人品好、性格好、有责任心、聪明善良，身心健康。,2,射手座,,4,陕西,西安,56,西安外国语大学,,,,,,,,,,
377350393,寻缘,female,1,157,61,5,,深圳,53,"[音乐, 购物, 旅游, 其它, 中国菜, 健康食品, 哲学与宗教, 健康与养生, 人文社科, 其他, 悬疑推理, 纪录片, 娱乐八卦, 在自己或朋友家里, 其它, 惬意海岛, 高原雪域, 小桥流水人家]",身体健康，心态年轻，受过良好教育，从事教育和财务工作，性格直来直去，淳朴善良，待人真诚，希望找到有缘人。猴子掰苞米的故事每天都在上演，不忘初心，方得始终。,2,天蝎座,A,11,湖北,其它,56,武汉大学,,,,,,,,,,
376549148,cc,female,1,162,84,4,,成都,34,"[影视, 购物, 烹饪, 体育运动, 旅游, 中国菜, 泰国菜, 日本菜, 烧烤, 健康食品, 励志与成功, 爱情, 喜剧, 动作冒险, 悬疑推理, 惊悚恐怖, 饭店, 商场, 电影院, 卡拉OK, 逛街, 惬意海岛, 繁华都市, 秀美山水]",关于我：88年成都金牛区土著，我性格开朗，上得厅堂下得厨房，因上班精力有限，不愿意再生育（有一个儿子跟男方）。希望你：丁克或者离异（孩子跟女方），脾气温和，性格开朗，不妈宝，有主见，最好不抽烟不酗酒，会做饭，经济条件门当户对的最好。期待在这里遇见能互相包容理解，互相照顾陪伴，和我携手过完余生的你，非诚勿扰。,1,射手座,O,26,四川,成都,56,,,,,,,,,,,
375381996,丫丫,female,0,160,48,7,,纽约州,29,"[中国菜, 惬意海岛, 风情名城, 江河大川]","美国哥伦比亚大学硕士，目前在纽约工作。我是一个开朗,独立,简单的人 ，喜欢音乐会, 运动。我生长在一个三口之家,高知家庭，我爱我家人，他们也爱我。",1,射手座,,5,广西,南宁,1,,,,,,,,,,,
373277998,candy8676,female,1,162,63,7,,其他,48,"[汽车, 摄影, 音乐, 购物, 旅游, 中国菜, 法国菜, 俄罗斯菜, 日本菜, 烧烤, 文学, 艺术与摄影, 投资理财, 婚恋与家庭, 娱乐时尚, 爱情, 喜剧, 动画, 音乐歌舞, 剧情, 娱乐八卦, 体育赛事, 理财投资, 海选活动, 休闲生活, 饭店, 商场, 剧院, 电影院, 逛街, 惬意海岛, 繁华都市, 风情名城, 秀美山水]","I am looking for serious romantic relationships；Born in southern China, residing in Beijing for 25 years, with a European green card. Master\\\\\\&#039;s degree in Architecture, Master of Business Administration from the University of Anglia Ruskin, UK. Divorce, beautiful and elegant, hoping that the other party is honest, healthy, wealthy, and able to get married. Master\\\\\\&#039;s degree, future residency overseas (in the United States or Canada)",5,巨蟹座,O,5,,北京,56,国外某大学,,,,,,,,,,
370750613,雁儿,female,1,158,89,5,,青浦,39,,夏有风，花正浓，朝朝暮暮盼与你相逢。我的个人情况：83年，离异，有个14岁的女儿，随对方；我身高158，全日制本科学历，知书达理，本性善良，孝顺，会持家，顾家，无不良嗜好；有个小房子，无债务，无经济压力，自身衣食无忧。一个人的日子自由自在，轻松惬意，可是两个人的世界，内心会更温暖，更充盈吧，一个平凡的女人，简单的想法。希望你：已走出情伤，并有重新培养一份感情的勇气和热情。我认为婚姻里绝不是只有责任和义务，也还要有温暖和爱，不然漫长岁月琐碎又辛苦怎么坚持得下去呢？希望你是个热爱生活的人，不深度宅，不妈宝，心思细腻，处事周全，有一定的学识修养，人品贵重，善良可为，不酗酒，不抽烟，对待感情认真专一。有无小孩都可以，男孩女孩都可以，如果小孩年幼就更好了，很乐意跟你一起培养ta。我期待的婚姻：我们深爱彼此，忠于彼此，信任彼此，善待双方的父母和孩子，忙时我们各自忙碌，闲瑕时我们一起做做饭，散散步，如果时间允许，我们一起去看看美丽的山河，我给你讲讲我小时候的趣事，你给我讲讲日月星辰。人生海海，愿我们还能遇到那个与自己三观一致的人，共看日出日落，看四季更替，看岁月变幻，我们一起，将平淡的日子过成诗。,2,处女座,,,湖北,咸宁,56,,,,,,,,,,,
371289899,静,female,0,162,83,5,,深圳,33,,广东潮汕人，华南师范大学就读，毕业至今10年，目前从事保险项目工作。很喜欢深圳这座城市，喜欢这里有山有海、喜欢这里的办事高效以及充满奋斗的气息，未来希望通过自己或者另一半一起努力在此定居。我属于内向安静的性格，脾气温和，反应迟钝，喜欢户外大自然，周末会徒步和爬山。希望有缘分，遇上情绪稳定、上进有担当的良人，对于感情，我觉得首先是两个独立的成年人之间的相互喜欢，其次才是其他问题的考量，人永远大于一切，平时很忙，真诚以待，非诚勿扰，感谢！,2,射手座,O,7,,,56,华南师范大学,,,,,,,,,,
369307815,小禾,female,0,162,81,5,,朝阳,35,,素食，喜欢中医，喜欢中国传统文学。喜欢相亲相爱的一家人。80后观念传统没有谈过恋爱，到了该成家的时候，谈以结婚为目的的恋爱，择一位面相舒服，利他智慧通达之人相伴一生。喜欢父辈人的高大果敢担当。希望自己的另一半像太阳一样温暖。,1,金牛座,B,4,河北,廊坊,56,河北科技大学,,,,,,,,,,
367982181,左手指月,female,0,157,72,5,,深圳,34,"[摄影, 影视, 音乐, 烹饪, 读书, 中国菜, 日本菜, 健康食品, 巧克力和甜点, 艺术与摄影, 运动健身, 烹饪与饮食, 旅游, 自然科学, 惬意海岛, 秀美山水, 历史遗迹]",木末芙蓉花，山中发红萼。涧户寂无人，纷纷开且落。性格偏晚熟，外企工作，现在我准备好了。,2,射手座,AB,20,湖南,,56,,,,,,,,,,,
370398191,Jenny,female,0,160,76,5,,闵行,40,"[励志与成功, 投资理财, 音乐歌舞, 纪录片, 剧情, 政治事件, 理财投资, 影视热片, 惬意海岛, 广袤森林, 高原雪域]",人与人之间最大的差距，不是地位、贫富、学历或者美丑，而是价值观。见识不同的人，不在同一高度，所见所思也必然不同。对爱情的理解是：真正好的爱情，是信任的、互相包容和陪伴的，彼此甘愿成为对方最坚实的后盾。所以期待的另一半以人品为第一、有上进心、责任心，懂感恩和包容，并有分寸感。希望那个他是我仰慕学习的对象，并有一颗有趣的灵魂。本人真诚交友，非诚信诚心、异地居住以及年龄小于40岁、要加qq的男士勿扰，谢谢。,,天秤座,,,,上海,,同济大学,,,,,,,,,,
370168148,梅兰竹菊,female,1,158,80,5,,威海,59,"[摄影, 影视, 写作, 读书, 绘画, 文学, 艺术与摄影, 健康与养生, 人文社科, 风情名城, 秀美山水, 历史遗迹, 江河大川, 小桥流水人家]",真诚善良，敬业爱家，会写会画，爱好旅游，擅长摄影，喜欢音乐，闲时养花，上得厅堂，下得厨房。寻找彼此欣赏，相濡以沫的老伴。（曾经有个优秀的儿子被上帝抢走了）。,1,处女座,O,11,山东,威海,56,山东大学,,,,,,,,,,
367990727,蔚蓝源自深海,female,1,152,78,4,,深圳,39,"[摄影, 写作, 烹饪, 读书, 旅游, 中国菜, 文学, 艺术与摄影, 励志与成功, 健康与养生, 婚恋与家庭, 爱情, 喜剧, 悬疑推理, 音乐歌舞, 剧情, 惬意海岛, 繁华都市, 风情名城, 秀美山水, 峻秀峡谷]",有时候望着地平线的方向，我在想，自己一路走来，明天又将去向哪里呢。快乐过也失落过，一个人旅途太漫长，如果你愿意，我希望能拉着你的手，一起奔跑，一起去寻找我们的幸福。希望你是那个能托付终身的人，让我们在深圳有一个属于自己的家，身心有归属。一个不需要太大的地方，有你有我，最好是已经有一个女儿的。咱们一起陪她成长，相濡以沫！,2,天秤座,AB,3,,,56,,,,,,,,,,,
368486267,Universal Heart,female,1,163,100,4,,澳大利亚,55,,"一个女孩心愿，希望遇见一位有教养的男士。我是一位充满自信，喜欢旅行、烹饪以及喜爱与家人和朋友享受美好时光的人。我有着良好健康生活方式，与人相处愉快，充满魅力的人。我对自己的状态满意，我也很知足，我的生活充满着欢乐。如果你是一位真诚，正直、善良、积极乐观有担当人，您热爱运动和旅游，风趣幽默可以让我大笑。“YOU HAD ME AT HELLO “ 。是不是我要求太多，可这也是我啊。Just a girl that would like to meet a nice gentle guy, I consider myself to be adventurous , I enjoy traveling, cooking, and spending time with my family and my loved ones. I living a healthy lifestyle. I&#039;m easy on the eyes, comfortable in own skin, the glass is always half full, as it makes life so much happy.",2,摩羯座,,9,,,56,国外某大学,,,,,,,,,,
367296393,佳佳,female,1,168,65,5,,澳大利亚,60,[投资理财],善良，诚实，传统女性，有一个 女儿已移民定居国外 ，已工作结婚我现居住在澳洲，生活休闲幸福安逸（择偶地区不限，但我无法删除）,1,双鱼座,,7,山东,,56,,,,,,,,,,,
366724500,Chennnn,female,0,156,60,7,,宝山,26,"[剧院, 音乐会, 温泉, 咖啡厅, 卡拉OK]",谢谢翻阅我的资料^_^目前是教龄刚满1年的在沪教书匠一枚。有自己理想的工作，在自己理想的学校。因为社交圈比较小，所以来到这里，希望可以找到一起共度一生的那个人。,2,天蝎座,,4,江西,吉安,56,上海师范大学,,,,,,,,,,
367026779,幸福人生,female,1,161,93,4,,邵阳,51,,我，生于71年，属猪，性格开朗，待人真诚，尊老爱幼，温柔贤淑，不牌不麻不舞，单位家庭两点一线，朋友干净，圈子干净，适当运动，注重养生，心态年轻，人也显年轻。喜欢温馨和睦的家庭，满满的正能量。既有现代女性的思想，又有传统女性的美德。认识我是你我的缘，拥有我是你的福。我从事教育工作32年多了，还有3年退休，目前工作轻松，时间比较自由。我住高铁站附近，交通十分便利，到周边城市十几分钟或几十分钟，到省城长沙南站一个小时左右。只要有缘，距离完全不是问题。我是普通会员，看不到对方来信，所以来信请记得贴邮票。祝愿大家早日脱单。,1,天秤座,O,4,湖南,邵阳,,,,,,,,,,,,
367973861,nini,female,0,164,75,7,,大兴,34,"[旅游, 中国菜, 泰国菜, 无特别爱好, 什么都看, 古装武侠, 其他, 电影院, 秀美山水]","本人从小北京长大。是一个靠谱,体贴,文静的人 .生活基本两点一线。喜欢旅游和美食。性格稳定。关于外貌，用别人的话说长相文静气质较好，心中的他 ：有头脑三观正 人品好有担当， 干净整洁不油腻。不接受离异有孩子的男士。条件不符的不要来信。",2,双子座,,20,,,56,,,,,,,,,,,
365477001,雀之灵,female,1,156,98,4,,朝阳,64,"[网络, 影视, 舞蹈, 展览, 旅游, 中国菜, 健康食品, 其他, 文学, 历史传记, 婚恋与家庭, 期刊杂志, 娱乐时尚, 喜剧, 动作冒险, 悬疑推理, 什么都看, 政治事件, 娱乐八卦, 影视热片, 休闲生活, 其他, 剧院, 电影院, 音乐会, 卡拉OK, 其它, 惬意海岛, 繁华都市, 秀美山水, 历史遗迹, 小桥流水人家]",一个温婉的小女人。上得厅堂下得厨房。期待与未来的你：执子之手与子偕老。我希望对方居住地在市内，郊区县较远的，抽烟的，养宠物的不予考虑。,1,射手座,O,16,,北京,56,对外经济贸易大学,,,,,,,,,,
364822801,小豌豆儿,female,0,165,49,7,,沈阳,35,"[网络, 动物, 影视, 读书, 旅游, 中国菜, 泰国菜, 烧烤, 健康食品, 巧克力和甜点, 烹饪与饮食, 人文社科, 自然科学, 其他, 喜剧, 动作冒险, 科幻魔幻, 悬疑推理, 什么都看, 影视热片, 饭店, 电影院, 温泉, 图书馆/书店, 在自己或朋友家里, 惬意海岛, 名山古刹, 繁华都市, 风情名城, 历史遗迹]",我是沈阳本地土著，喜欢未婚、大高个儿、大长腿儿的小哥哥，男人不用太帅，像个爷们儿就够了。理想是有三个孩子男方只需要负担三个孩子和自己就可以了，本人经济独立不会额外增加负担。（最近很多男士询问我大龄女性生理生育的问题，现在我统一医学科普下，女性在50岁绝经之前只要想拥有属于自己的孩子，就可以通过试管婴儿优选基因人造子宫等体外孕育的医学科学方式完美解决，只要你拥有双发现美的眼睛，发生任何问题都无所谓 ，因为一切问题都会有最佳解决方案，每个人都不一定是完美的，每个人对幸福和快乐的衡量标准也不一样，当你换一个角度去看世界你会发现它的美）,4,处女座,A,7,辽宁,沈阳,56,国外某大学,,,,,,,,,,
362821580,北极晨星,female,0,154,99,5,,朝阳,54,"[网络, 园艺, 展览, 读书, 旅游, 中国菜, 什么都看, 什么都看, 政治事件, 休闲生活, 行业发展, 饭店, 商场, 剧院, 电影院, 咖啡厅, 惬意海岛, 秀美山水, 历史遗迹, 江河大川]",我69年未婚，在北京生活20多年了，东北人，很快就要在北京退休，目前在医药企业工作。希望你在70年-58年之间出生，可以相濡以沫度过后半生的人。可以是生活在北京，河北、天津，我希望在自己熟悉风土人情之地的生活。我想说：1：如果你是同行业的那最好了，因为可以彼此了解工作。相处会容易有话说。我不大会恋爱，所以这个年纪未婚。2：希望你有点见识，胸襟开阔。3：你可以带孩子或孩子已经长大。我喜欢温馨和谐的家庭生活。我的原生家庭非大富大贵之家但是其乐融融。4：我虽然没结过婚但是日常生活技能还是不错的。5：我本人并非一定要物质多丰富，够用即可。6：爱好：博物馆爱好者。7：健康：血压高。血脂高（减脂中计划年底BMI达标）。真诚的希望，有缘人可以联系。,2,双子座,AB,9,吉林,吉林,26,,,,,,,,,,,
365535466,秋秋,female,1,160,62,4,,宜宾,50,,随缘，若真能在这个平台上遇到可以相互陪伴到老的良人，就当是锦上添花吧！,1,金牛座,,,,,56,,,,,,,,,,,
360920846,鑫,female,1,166,76,5,,沈阳,39,,自我介绍:本科英语翻译专业（同时考取自考学历）两个毕业证，有海外工作经历），考取会计证（有工作经历），考取教师资格证（有工作经历），有房无贷款，有缴纳养老保险，妈妈有车有房也无贷款，有退休金，有医保，普通家庭无负担而已择偶期待:有过读大学的经历（知书达理），尚无孩子，踏实勤快，征信良好，无非常过度不良嗜好，能沟通后不触碰原则底线......婚姻观适合的就是好滴,1,天秤座,,,,,,,,,,,,,,,,
358296094,找个老公依靠,female,0,160,95,7,,浦东新区,38,"[影视, 展览, 读书, 体育运动, 泰国菜, 健康食品, 无特别爱好, 什么都看, 什么都看, 暂无, 在自己或朋友家里, 名山古刹, 风情名城, 历史遗迹, 小桥流水人家]",【基本信息】女，85年6月，160不瘦?(ツ)?，老家贵阳市区，华师大硕毕业落户购房无贷。知识分子家庭独生女，父亲学财会省国有银行书记退休，母亲省重点中学高级教师退休。父母兄弟姐妹都是知识分子，几乎在贵阳。我辈堂兄弟姐妹都是本硕博，多在贵阳长三角珠三角。大家子平微信群联系，过年聚聚。【观念性格】外表朴素、性格贤惠随和不强势、善良、有责任心耐心热心、凡事喜欢坦诚沟通商量着办。所以偏传统观念。大家庭四五代无人离婚，均勤劳安康小日子。【工作情况】依次在ST、大飞机、上汽系。工作朝九晚五安稳，可自主选择加班，不熬夜不出差，没有复杂人际应酬。非女强人的能力和性格，偏居家型。【兴趣爱好】看书、看展、听讲座、追剧、爬山、徒步、乒乓球、游泳、唱歌、羽毛球。你有什么有益身心健康的爱好，我也愿意学习尝试^_^【择偶要求】成长、教育、工作、三观差不多的男生。无抽烟酗酒等成瘾癖好、本科及以上、有对工作和家庭的责任心、彼此五官顺眼三观和、有健康的兴趣爱好。,2,双子座,A,23,贵州,贵阳,56,华东师范大学,,,,,,,,,,
358558853,今夕何夕*遇见你,female,1,166,82,5,,海淀,41,"[中国菜, 烧烤, 名山古刹, 秀美山水, 历史遗迹, 小桥流水人家]","我有过半年多婚史，没有孩子；未来想生孩子我的性格:是一个靠谱,顾家,细心,正直,简单；希望我的那个他:人好一些，重情专一，顾家；",1,水瓶座,O,7,,,56,对外经济贸易大学,,,,,,,,,,
358271949,云儿7,female,1,162,97,4,,广州,48,"[音乐, 舞蹈, 烹饪, 旅游, 其它, 中国菜, 意大利菜, 烧烤, 健康食品, 其他, 动漫与幽默, 健康与养生, 烹饪与饮食, 旅游, 其他, 喜剧, 古装武侠, 悬疑推理, 剧情, 其他, 政治事件, 相声曲艺, 影视热片, 休闲生活, 其他, 商场, 图书馆/书店, 咖啡厅, 逛街, 其它, 名山古刹, 秀美山水, 历史遗迹, 小桥流水人家, 其他选择]","如欲同行，必先同心；道不同，不相为谋；心不同，则不必同行，如欲同行，还请您先看完我的全文之后，再看是否有必要联系呀，非诚勿扰，多谢合作!温柔美丽，端庄阳光，活泼开朗,七四年出生的我，是最有家庭观念的巨蟹座的乖乖虎妹妹呀,短婚未育无孩，善解人意，心怀感恩，热爱生活，自信率真，重情爱孩爱家！呵呵,想有言说在先：1虽然我对自己的外貌，形象，气质都很自信，但出于有些方面的考虑，我是不会上传或手机发相片等的,呵呵，感谢您的理解+合作!2因我视力不好=高度近视,且时间紧张,在电脑上写字不方便，虽然是有用QQ，但也只是用来存东西，我很笨的手机上是不用Q的不喜欢在电脑上写字也更不会在Q上聊天等，加上俺电脑较老土，不会语音聊天视屏聊天等，在电脑上基本上是多看少回,而如您是希望同我多沟通（近来不知为何这边手机号信号不大好）虽平时喜欢用微信，但初期沟通很不喜欢微信类一问一答有时差等的沟通，喜欢即时无时差的沟通，欢迎您在微信上直接打语音电话给我,相信沟通会更明白清晰，好吧，在此再次感谢您的理解和支持!）3我不是富二代更不是官二代（且目前经济情况还很不好哈，在意者请慎重联系，多谢合作呀！）,只是一个普通平常且平淡阳光的小女子。4我喜欢孩子，因现年龄较大生子已不合适，故有孩最佳哈，我会视如己出!5因我在南方较久，我已不大适应冬天会寒冷的地区了；如您现在或以后的冬天会在寒冻地区居住，请您不用联系我，敬请您的谅解，非常感谢!先在开头说明一会儿，好让大家以后都更清晰，简单一些。了解我的人都说我是一个贤妻良母型的小女生，能把我娶回家的人会很幸福!我喜欢音乐,阅读,旅行;爬山,散步,喝茶,影视等;我欣赏身心健康，成熟稳重，积极进取，热爱生活，无不良嗜好的男士；喜欢幽默豁达，责任心强，有爱心，有孝心，尊重人，理解人，体贴人，关心人，重情爱家的男士；我是一个相信爱情，相信感情的人;同时也只是一个普通,爽朗，平凡,平淡,简单，阳光的小女人而已，喜欢被关心被宠被宝贝,更会这样来回报您!我找终生伴侣, 非诚勿扰，多谢您的合作呀！呵呵，目前是一典型宅女，看非诚勿扰等节目，感觉很好,故带着期望来到这里，愿与有缘的您相识相知!我希望在缘份的天空下，年龄比我大，简简单单,真诚善良，积极阳光，淳朴厚道，生活理念，人生观，价值观和我接近，或能与我达成共识的有缘男士,欢迎您积极同我联系呀!",1,狮子座,B,26,湖北,,56,三峡大学,,,,,,,,,,
358761194,石花,female,1,166,48,5,,金山,46,"[动物, 读书, 中国菜, 意大利菜, 日本菜, 人文社科, 自然科学, 剧情, 历史遗迹, 江河大川, 小桥流水人家]",本人自幼好静，喜爱读书学习，目前和几只猫在金山海边过着恬淡平静的生活。希望能有幸遇到心有灵犀的知心爱人，两人互相关爱体贴相扶相伴共度余生。,1,水瓶座,O,,吉林,延边,50,东北师范大学,,,,,,,,,,
360226471,嘉嘉,female,0,168,95,5,,成都,36,,"这是嘉嘉的娘帮助她完成的！我是一个正直！奋进的人！我生于87年6月底！川师英语学士！身心纯洁！勇敢坚强善良孝顺！勤奋工作！主要靠自己获得大小两套房！八年前因头曾受重伤的初恋在我去国外短期工作回来头晚与我天人分离！??至今没有再恋爱！希望在这里能再遇见真诚靠谱的终身伴侣！最好是在35岁一40岁之间！充满正能量的人！我现在的生活状态和心情，可以说是“非诚勿扰＂,静待缘分！",2,巨蟹座,B,,,,56,,,,,,,,,,,
360025958,沐阳,female,1,158,83,4,,长沙,47,"[园艺, 读书, 体育运动, 其它, 健康食品, 文学, 运动健身, 其他, 名山古刹, 历史遗迹]",忘掉一段不美好的过去，重新起航。生活虽然忙碌而琐碎，一直有心中的向往，或许上帝关上了一张门，会打开一扇窗。坚持瑜伽锻炼，身体健康柔韧；坚持学习读书，思想纯粹静好；热爱自己的职业，工作从容稳重；能上厅堂，亦能做出一般水准的湘菜。寻找有担当，能力在我以上的伴侣，度温柔你我的岁月。我有孩子，且不止一个，请慎重对待。,1,天秤座,,7,湖南,,56,,,,,,,,,,,
357362372,栀子花开,female,1,162,97,7,,深圳,50,,朋友们都说我性格温柔善良体贴善解人意，平时喜欢弹琴跳舞健身房网球游泳爬山音乐会电影美食什么的，一直向往相亲相爱的生活，期待可以碰到一个稳重体贴有责任感的男孩，缘分，是一种人与人之间无形的连结，也是某种必然相遇和无限的可能。我期待在这里遇见你。,5,金牛座,O,4,湖南,,56,国外某大学,,,,,,,,,,
355579891,Phoebe,female,0,158,60,5,,深圳,40,"[中国菜, 喜剧, 科幻魔幻, 广袤森林, 高原雪域, 江河大川]",湖南人，全日制本科，南山区工作、生活。单身无婚史，经历简单。找三观相合、谈得来，相互尊重的人共度余生。真诚征婚，欢迎来信相互了解。不好意思，如你有别的意图的，请不要来信了。重复一遍，只找结婚对象！,4,狮子座,,3,湖南,,,湖南科技大学,,,,,,,,,,
355477773,相扶一生,female,1,160,79,5,,浦东新区,41,,愿得一人心，白首不相离！历尽千帆，归来仍是少年！希望早日遇到那个哪怕是大寒气节仍愿意看着他熟睡而起来为他准备早餐的他！照片为近照，自学也做过中医，可以很好地照顾好自己和家人的健康！喜欢传统文化，喜欢文言文，喜欢太极拳，喜欢旗袍，有不少传统和改良版旗袍！个性宜静亦不失活泼！,2,处女座,,,,,,,,,,,,,,,,
356252657,不秋草,female,0,168,53,5,,厦门,28,,我的家和单位都在岛内，普通的三口之家（父母和我），我们生活得很幸福；自己是一个自重自立、有独立思想、喜静顾家的女孩。我想找一个兴趣爱好不多，正直，自律，没有不良嗜好，上进并顾家的岛内工薪阶层男孩。希望你生长在一个完整和睦幸福的家庭里（有良好家风的知识分子家庭最佳），人品正，有良好的家教，无外债贷款；样貌、学历、能力及家境都能在中等以上。我没有遇到过心仪的男孩，也不愿意轻易辜负了自己，故没有什么感情经历。哈哈哈，这里会有很优秀的小哥哥吗？谋事在人，成事在天。我已经完成一半了，至于能否找到心仪的你，那就要看缘分如何了。呵呵呵……不符合我择偶要求的男孩，不分担家务的男孩，不自立的男孩，请不要发消息来，谢谢啦！,2,天秤座,,,福建,厦门,56,,,,,,,,,,,
354096791,暖,female,1,170,62,7,,太原,39,,公务员，独生女，善良顾家，会做饭，爱读书，爱旅游。期待互相欣赏之人携手一生。,2,摩羯座,,8,山西,太原,56,,,,,,,,,,,
354195186,在莫高窟惬意的鸳鸯,female,1,164,53,8,,青岛,37,,本人87年生，资料里写错了。目前博士在读，短登，没有举行婚礼，没有在一起生活过。如果合适可以到对方的城市。,1,双鱼座,,,,,,,,,,,,,,,,
355423483,亦涵,female,1,167,71,5,,朝阳,47,"[汽车, 绘画, 体育运动, 旅游, 中国菜, 法国菜, 意大利菜, 巧克力和甜点, 哲学与宗教, 健康与养生, 人文社科, 收藏与鉴赏, 喜剧, 动作冒险, 其他, 饭店, 剧院, 音乐会, 体育馆, 惬意海岛, 风情名城, 秀美山水, 历史遗迹, 江河大川]",好看的皮囊千篇一律，有趣的灵魂万里挑一生长在军队大院，具有很好的家庭背景、教育背景、价值道德观、见识、修养和胸怀。旅行过世界很多国家，奉读万卷书行万里路为人生浪漫，生活没有苟且，确有诗和远方。为人真诚善良，智商高，高雅不失幽默，行立不失亲和，自律且享受生活。爱好极其广泛，绘画具有天赋，热爱健身、运动、户外和大自然如皮划艇、山地车、匹克球（4.0 level）、远足、太极… 音乐、舞蹈、艺术、博物馆、哲学、中国思想文化、旅行。自驾过中国所有省市自治区包括新疆西藏，自行设计路线开车横穿北美大陆、加拿大、欧州阿联酋等很多国家，通过路虎体验中心越野驾驶培训证书。现生活在美国宾州，有长居但未选择入籍。没有地域的牵绊或限制。出国前生活在北京，北京有房产。父母军人退休在天津，所以国内以京津为主要居住地。我可以生活在任何地方，重要的是人。对方条件：有良好的教育和家庭背景，为人大气正直有责任感。有运动旅行方面的爱好更佳没照片的来信者请恕不复。特殊原因请注明。请尊重彼此的时间勿试勿扰。谢。对了，谁会打匹克球或知道哪里打，招呼一声哈。,4,水瓶座,A,7,,北京,56,,,,,,,,,,,
353166626,Joy,female,0,170,96,5,,深圳,32,"[网络, 音乐, 购物, 读书, 旅游, 中国菜, 日本菜, 健康食品, 素食, 动漫与幽默, 烹饪与饮食, 投资理财, 婚恋与家庭, 期刊杂志, 喜剧, 悬疑推理, 剧情, 饭店, 商场, 剧院, 图书馆/书店, 惬意海岛]","我一直在这里，没有离开，我一直在等待，等着那个和我终生相伴相爱一生的你的出现。因缘而聚，我始终这样认为。我是典型的客家女孩，简单、内敛但也可爱搞怪，会点儿穿搭和家常菜；兴趣爱好广泛，可以自己旅行看电影，也可以和好朋友们热闹在一起。喜欢旅行和拍照；喜欢滑雪、游泳~希望对方成熟靠谱，待人真诚，灵魂有趣，生活有仪式感。信实在太多了，拜托各位如下条件不符合就不要发信来，不在深圳发展的，—年内没有打算结婚不要,离异的不要，太胖的太瘦的不要,身高没有1.74以上的，爱赌博的，没有主见的，爱自以为是不要，请诚信交往。以上的请别给我发信，谢谢!付邮的请不要发给我，不要发、不要发，免得浪费彼此时间!!! 谢谢！",2,巨蟹座,,7,广东,深圳,,,,,,,,,,,,
353459801,火龙果,female,0,165,59,5,,海淀,42,,"本人因工作耽误了个人问题的解决。希望在这里找到靠谱男士共度此生。未婚未育，身高165，体重47Kg,211本科，就职于世界500强，有房（京）有车，有健身习惯，性格单纯，因此显年轻，爱好单板滑雪，从出生到现在身体一直非常健康，无不良爱好，无任何家族遗传病,独立性强，独自国内国外旅行过很多地方，包括自驾游。",2,双子座,,3,,,,,,,,,,,,,,
351522758,清清河边草,female,1,162,57,4,,邵阳,39,"[影视, 烹饪, 中国菜, 健康与养生, 自然科学, 爱情, 纪录片, 娱乐八卦, 休闲生活, 饭店, 商场, 历史遗迹]",“解落三秋叶，能开二月花”，怀着对美好人生的期待，我登陆了这个平台，希望能找到有缘人。本人身高162CM，性格开朗，善解人意，在邵阳县长大。我多年一直在家具行业，目前在家具城负责日常管理，从产品选型、市场开发到销售服务都需要参与，虽然很忙，但我每天乐此不疲。闲暇之余，我偶尔也会和同事出去逛街、旅游、享受美食。小孩的成长也让我花了一些心思，一个刚上大学，一个马上升初中。我家里还有妈妈、哥哥和弟弟，妈妈是传统的女性，勤劳持家，哥哥和弟弟都有自己的工作和事业。曾经的经历已经成为过去，这几年下来让我成熟了很多。我相信这个世界的“真、善、美”，我认为很多事没有绝对的“对“或”错”，只是看问题的角度和处在人生不同的阶段。不管你在为事业奔波，还是稳定的一份工作，只要你诚恳，对生活有追求，我会包容你的缺点，与你共同经营属于我们的生活。如果你有小孩自己抚养，我也很乐意参与。很快又是新的一年，我希望通过这里找到人生的另一半，共度余生。如果有来信，我会及时回复！非诚勿扰！,1,处女座,其它,6,湖南,邵阳,56,湖南科技大学,,,,,,,,,,
352022045,jiankankuaile,female,2,156,73,4,,株洲,59,,我的性格比较爽快，我的业余时间都放在了散步上，我憧憬家，有温馨和谐。一般的生活，心中的他也许是相互关爱、携手到老。这样子的，我在这里等着一份缘定的爱情，等着你的到来。,1,狮子座,,,,,,,,,,,,,,,,
345954872,嘉凌,female,0,168,89,5,,西城,35,,现居北京，离异算记者勿扰！我是一位爱好比较广泛的女孩子，涉猎书法、舞蹈、戏曲等，乐观开朗，积极上进，专一且长情，真心期待找一位积极上进、顾家、有责任心的男士为伴！,4,白羊座,O,4,河南,洛阳,56,河南科技学院,,,,,,,,,,
346484101,TFM,female,0,161,55,5,,嘉定,38,"[动物, 展览, 体育运动, 中国菜, 泰国菜, 文学, 艺术与摄影, 哲学与宗教, 运动健身, 人文社科, 纪录片, 剧院, 图书馆/书店, 在自己或朋友家里, 惬意海岛, 广袤森林, 高原雪域, 江河大川]",安定在上海，外语专业，采购工作。对哲学文化教育感兴趣，喜欢读书，旅行，看展览，做运动。,4,处女座,O,10,辽宁,,26,沈阳航空工业学院,,,,,,,,,,
347279025,以诺,female,0,172,99,4,,普陀,34,"[网络, 音乐, 手工艺, 中国菜, 烧烤, 快餐, 巧克力和甜点, 烹饪与饮食, 爱情, 喜剧, 动作冒险, 古装武侠, 音乐歌舞, 相声曲艺, 休闲生活, 电影院, 在自己或朋友家里, 秀美山水, 历史遗迹, 江河大川]",朋友们都说我性格大大咧咧，喜欢弹弹琴 唱唱歌，一直向往相濡以沫的生活，希望对方是一个孝顺有责任心 成熟稳重 脾气性格好的男孩，我在这里等着一份缘定的爱情，等着你的到来。,1,巨蟹座,O,20,辽宁,鞍山,56,江南大学,,,,,,,,,,
342986569,wen,female,0,164,61,7,,杨浦,37,"[体育运动, 旅游, 文学]",三个硕士学位，研究领域工作。,5,射手座,,,,上海黄浦,26,,,,,,,,,,,
345069686,佳缘会员,female,1,165,91,4,,株洲,60,,我的性格落落大方活泼，活温柔贤惠善良，平时的生活习惯，每天把家里打扫得干干净净，照顾好自己的家人，能做出一手好饭菜，我身体健康，平时的习惯，爱运动锻炼身体，打羽毛球，看电视散散步，喜欢旅游，一直向往幸福与快乐，（父母都不在了）我一个人生活，130平米的房子，三室二厅二卫，一个孩子己成家立业，孙女13岁了，他们有房有车有自己的生话，不用我操心。心中的他也许身体健康，为人真诚。这样子的，缘分，是一种人与人之间无形的连结，也是某种必然相遇和无限的可能。我期待在这里遇见你，注，没有照片的人，我不会给你回信息，谢谢（照片里有三张是今年九月份才拍的照片）,1,摩羯座,,,,,,,,,,,,,,,,
340550291,自由女神,female,1,168,51,5,,通州,53,,北京人善良知性孝顺靠谱无负担，做事有条理且顾家爱干净，有点矜持但也有趣.感情专一。每天坚持运动，先天条件加后天自律致使自己逆生长，身材苗条身体内外在属于中年妇女偏年轻。崇尚情趣相投，男主外女主内身心松弛的婚姻生活。希望您性格稍微奔放一些，喜欢沟通，情绪稳定。车技好身心健康坦诚相待别太自我，真心想成家的男士为伴。(那些没给自己定位好，没耐心。不以结婚为目的骗子们请绕行),2,射手座,,,,北京,56,,,,,,,,,,,
338763161,向日葵,female,1,162,85,4,,广州,40,,《征婚》本人身高162cm，体重57kg，生于湖南，在广州工作（工作地可调整）。曾因一段不是善缘的缘份，人生倒退至少十年。人可以战胜一切，却战胜不了岁月。经过岁月的沉淀，有着不惑之年的成熟，以及比颜值有自信的才华与智慧。本人三观很正、文静内向，平时注重养生与锻炼、与时俱进、极度自律、内外兼修，客观评价比同龄人显小5岁左右，身体综合素质良好、适合婚育。征婚理想男士具备的条件：能够踏踏实实过日子、三观正、人品好、责任心强、乐观豁达、性情宽厚、简单善良、成熟稳重、自律、好整洁，无不良嗜好。年龄相仿（45岁以下），生肖马、兔、虎最佳，不考虑生肖鸡、羊、龙、牛、狗。南方人为佳，北方次之。希望在一年内能够结为连理。人生格言：上善若水、厚德载物，自强不息、积极进取！在对的时间遇到对的人才是好的缘份，我以虔诚之心找寻，希望能遇见对的你。很想有一场轰轰烈烈的爱恋，更喜欢在平淡、真实中相亲相爱相伴余生。本人诚意征婚，时间比黄金珍贵，请非婚姻为目的的各路闲杂人等高抬贵手、非诚勿扰。谢谢！,1,天秤座,A,16,湖南,邵阳,56,吉林大学,,,,,,,,,,
339320586,甜甜,female,1,160,96,5,,渝北,65,"[摄影, 影视, 音乐, 写作, 计算机, 中国菜, 校园青春, 文学, 艺术与摄影, 爱情, 政治事件, 娱乐八卦, 饭店, 商场, 卡拉OK, 名山古刹, 风情名城, 广袤森林, 小桥流水人家]",机关退休，人品优秀，本人是找伴而来。思想活跃，努力进取。爱好摄影和弹钢琴。无任何不良行为。希望遇上有缘人共同度过有生之年。照片全部是2022年照片，以便证明真实性。特别强调：请炒股为目的的男士不要给我来信，谢谢理解。,1,双鱼座,O,,,,56,,,,,,,,,,,
340513049,秋琳,female,1,163,58,3,,广州,43,"[影视, 购物, 手工艺, 园艺, 旅游, 中国菜, 烧烤, 健康食品, 素食, 喜剧, 动作冒险, 古装武侠, 科幻魔幻, 悬疑推理, 政治事件, 影视热片, 行业发展, 商场, 逛街, 在自己或朋友家里, 其它, 惬意海岛, 名山古刹, 风情名城, 秀美山水, 峻秀峡谷]",强调见面后才有加微信的可能，我微信很干净绝不给身份动机不明的渣渣留位置。 要求：限出生78-75年之间合法单身男士，净高170以上（不涉黄赌毒骗暴力等恶习，有合法稳定收入不负债），四肢健全身心健康。多个孩子以及年龄、身高、照片等资料造假的勿扰！异地无缘不用浪费时间。希望你在广州定居，方便见面了解，平台互动不积极，一周内没有见面计划的不用来信。必须先在平台详细了解，条件合适再见面了解，见不上面就没有加微信的必要，见面不合适礼貌退场互不打扰！（在征婚平台大量收集微信的优秀海王勿扰）。本人独自漂泊在广州无房无车，父母离世，一儿16随父目前在老家读书，本人无负债无负担。年龄比我小的男人请勿扰！（从不相信小弟弟找老姐姐是真爱）。警告骗子勿扰！本人虽然情商不高，但智商比情商高少许，没有恋爱脑。,1,天秤座,,26,湖北,荆州,56,,,,,,,,,,,
336553859,缘来,female,1,163,69,5,,苏州,61,,留言的话请注明是你本人发送的信息，非平台自动发送。 寻62-70岁之间，教育程度本科及上，不抽烟酗酒，已退休，有良好生活习惯，三观正，思想成熟，善良有责任心，孩子已经独立，经济稳定之男士。 期待奇迹发生，余生相亲相爱，相扶相携，成为彼此的家人。本人经济稳定，热爱大自然，喜欢旅行，音乐，电影，艺术，休闲，美食，徒步，游泳，茶，咖啡，家人，朋友。,2,狮子座,,,,上海黄浦,56,,,,,,,,,,,
337047878,小草,female,2,158,65,4,,南昌,67,"[健康食品, 素食, 烹饪与饮食]","本人容易相处，为人实在，低调做人，懂得照顾自己的丈夫是我最好的优点！习惯换位思考，性格开朗温顺的我，是你值得信任和依靠托付一生的人！本人国企单位退休，独居有房。上得厅堂，下得厨房。小孩早已成家立业有房有车,无任何负担！本人有看信邮票，欢迎留言,。非诚勿扰！",1,天蝎座,B,,,,56,,,,,,,,,,,
336704783,彩虹更美,female,1,160,73,5,,长沙,49,"[摄影, 园艺, 旅游]",“如果你和某个人在一起，能让你的情绪稳定，让你敞开心扉，让你更自信更爱笑，那这个人就值得你去爱。双向奔赴的爱情，是当你想奋不顾身地为一个人的时候，对方恰巧也在热烈的回应你。”希望在这里能遇见让我变得更好的你！我属牛处女座，建筑业，工作轻松且稳定。我性格开朗，善良体贴，平时喜欢摄影旅游，喝茶养花，生活中动静皆宜，闲暇时喜欢把家里收拾得温馨而舒适。深知为人母的责任，单身这些年自己独立培养女儿长大，现女儿不负期望考入了重点大学，我终于可以勇敢的去追寻自己想要的幸福了。希望他在长沙工作生活，身体健康，稳重踏实，乐观开朗，有稳定的工作或者事业，条件相当有共同兴趣爱好者最佳。心中有爱，万物皆美，余生很短，一定要和自己喜欢的人一起度过，真诚找伴，非诚勿扰！,1,天秤座,B,5,湖南,长沙,56,湖南大学,,,,,,,,,,
336962135,向日葵,female,1,162,64,3,,延庆,57,"[文学, 哲学与宗教, 历史传记]",什么叫好，适合自己的就最好。我一直在找一个人，他善良真诚实在。三观正。有眼缘。身体健康，人品好。相处舒服没那么多事。我自觉我是一个善良真诚的人。我愿意用我的真心换来你的真情。我的心事你愿意顷听。人好的岁数大点也行。一定要孝顺父母的。我是一个农民，有一个儿子已成家独立。我没有工作，没有学历高中。我和儿子我们一直都在打工的路上。异地的在国外的，没有照片的，我都不会聊。太远了太不方便了。那些居心叵测不良的骗子，更不会回复。我是奔着结婚去的，我要找的是个实实在在踏踏实实过日子的人。一定要看清我的资料再联系我，我既不闲聊也不交友。一定要人品好，别的都不重要。,1,狮子座,,,,北京延庆,56,,,,,,,,,,,
334183973,佛曰,female,0,160,89,7,,郑州,35,"[展览, 读书, 绘画, 体育运动, 旅游, 中国菜, 健康食品, 哲学与宗教, 运动健身, 人文社科, 什么都看, 影视热片, 图书馆/书店, 逛街, 在自己或朋友家里, 惬意海岛, 名山古刹, 高原雪域, 历史遗迹, 江河大川]",老师一枚，爱好广泛，喜欢瑜伽，看书，喜欢到处走走停停，也喜欢在家做菜。,2,天蝎座,A,4,河南,焦作,56,,,,,,,,,,,
334338307,在路上,female,0,152,66,4,,南京,42,"[影视, 音乐, 购物, 展览, 读书, 中国菜, 健康食品, 无特别爱好, 文学, 励志与成功, 投资理财, 婚恋与家庭, 娱乐时尚, 爱情, 喜剧, 音乐歌舞, 理财投资, 影视热片, 行业发展, 商场, 电影院, 音乐会, 图书馆/书店, 在自己或朋友家里, 惬意海岛, 繁华都市, 风情名城, 秀美山水, 小桥流水人家]",感谢浏览我的资料，只寻恋爱且一年左右结婚的另一半，暂不接受有过婚史的，是因为本人比较简单，处理不了相对复杂的关系，若有冒犯，请海涵！如果不能在生活中经常见面相处的请绕过，你我的时间都很宝贵！也请以谈恋爱为名义而抱着各种其它目的的人勿扰！误人婚姻，会有因果，望三思！关于自己：80年农历9月出生，未婚，星座天秤，血型A型，个子不高，体重不重，心地善良，孝敬长辈，开朗乐观，风趣幽默，待人真诚，做事用心，重感情，易沟通，开始慢热被动，熟识之后话唠，喜欢音乐，爱好文学，可以是运动达人，也能宅几天不出门，汉语言文学专业，当过老师，学过财务，注重提升，有读研计划，目前的职位是董助。期待的你：年龄相差五岁左右，身高170CM及以上 ，不过胖，不嗜烟酒，善良孝顺，真诚专一 ，踏实稳重，情绪稳定，遇事沟通，有责任感，在南京工作生活，能相互分享快乐、分担忧愁，性格相似或互补皆可，更爱有趣的灵魂……最后，祝大家早日收获甜蜜永久的幸福！,1,处女座,A,16,江苏,盐城,56,南京师范大学,,,,,,,,,,
330362456,云,female,1,160,56,3,,合肥,55,"[音乐, 手工艺, 烹饪, 读书, 旅游, 中国菜, 健康食品, 素食, 其他, 无特别爱好, 文学, 健康与养生, 烹饪与饮食, 旅游, 其他, 爱情, 喜剧, 纪录片, 剧情, 其他, 商场, 逛街, 在自己或朋友家里, 惬意海岛, 繁华都市, 风情名城, 秀美山水, 小桥流水人家]",我在等一个人，一个愿意走进我的生命分享我的喜怒哀乐的人，一个知道我曾经无尽的等待因而更加珍惜我的人，一个也许没能参与我的昨天却愿意和我携手走过每一个明天的人， 一个知道我不完美却依然喜欢我甚至连我的不完美也一并欣赏的人!是我没有遇见缘分，还是没有遇见你，无论外面的世界如何纷繁复杂，只想和你过一种简单的生活，相濡以沫，白头到老。本人67年出生，企业退休，是一个安静的人，比较宅。有一个男孩子已成家在外地工作生活。有些信件是佳缘系统自己发送的，在此感谢佳缘了，如您收到信件感觉对您有打扰那么敬请谅解！,1,天秤座,,,安徽,合肥,56,,,,,,,,,,,
328624210,期盼,female,1,158,48,5,,中山,67,"[摄影, 音乐, 购物, 舞蹈, 旅游, 中国菜, 日本菜, 健康食品, 素食, 艺术与摄影, 健康与养生, 烹饪与饮食, 娱乐时尚, 自然科学, 音乐歌舞, 纪录片, 相声曲艺, 休闲生活, 商场, 剧院, 音乐会, 温泉, 逛街, 秀美山水]",人头像是2023 年三八节那天。人还很显年轻！身体健康，没有三高！一年四季游泳。特别视力很好！找个老伴，希望 他独居电梯房，因为已经住习惯了。希望他有稳定退休工资，不吸烟。公务员，老师， 医生，优先考虑！我一个优秀的儿子国外研究生毕业，一个孙子。目前喜欢游泳，公园散步，旅游。就是没有帅哥陪伴，总是一个人，空巢老人家，感觉没有家庭温暖。还是要找个老伴！开心健康过退休养老生活！年龄63 -73岁之间，有独居电梯房 。有经济能力！没有独居电梯房的请不要打扰！！！不诚信的请不要打扰！！！不 找情人，只找老伴！,2,双鱼座,O,,湖南,岳阳,56,湖南师范大学,,,,,,,,,,
328543646,可可,female,1,164,70,4,,苏州,44,,老家徐州，在苏州张家港工作，定居在张，户口在张，有房无车，工薪阶层，真诚寻找另一伴，其他目的勿扰哈！,1,摩羯座,O,,江苏,徐州,56,,,,,,,,,,,
327767171,颜正义,female,1,165,97,5,,武汉,36,,摩羯座身高165cm体重53kg。3岁开始学习绘画，让我身上具有浓厚的艺术气息和独特的审美。之后选择了与艺术相关的建筑学专业爱好看书、音乐、旅游、潜水、网球、健身…基本去过国内的主要的城市。喜欢大自然，曾一个人自驾走遍云南、川西、西藏、青海。喜欢不断学习并完善自己，生活自律，善于思考，共情能力强。有房有车，物质方面无压力，看重精神上的共鸣。对未来人生有清晰的规划。家庭和睦，父母从小重视教育。理想的另一半：1、各方面势均力敌，这样才可能得到双向奔赴的爱情；2、自律、自省；3、有独立思考的能力；4、善良沟通，不冷战；5、情商智商不掉线。我相信两个人有共同的人生方向和志趣才能一起走下去。平时工作比较忙，不大网聊。愿意接触可约见面了解。,4,摩羯座,A,,,,56,,,,,,,,,,,
326670299,mi,female,0,150,69,4,,南宁,40,,哪有天生般配的两个人，不过是一个懂得包容迁就，一个懂得适可而止。这辈子，和谁过，怎样过，过多久，只要笑容比眼泪多，我们就算找对了人！,1,摩羯座,O,5,广西,,56,,,,,,,,,,,
326911531,细雨-菲菲,female,0,155,60,4,,深圳,40,"[音乐, 体育运动, 中国菜, 历史传记, 政治事件, 图书馆/书店]",目前从事财务工作，喜欢并且会做甜点平时去图书馆看书、手机唱唱歌、周一至周五早上练瑜伽喜欢乐器，尤其是二胡和吉他喜欢三毛，喜欢看人物传记每到一个新的地址地方，喜欢到博物馆看看简单、诚信、正直、善良希望对方也简单一点、豁达一点、不要抽烟。,2,天蝎座,O,5,湖北,咸宁,56,中南财经政法大学,,,,,,,,,,
325113302,枫竹听雨,female,0,161,52,5,,渝北,40,"[影视, 音乐, 读书, 什么都看, 剧院, 电影院, 音乐会, 图书馆/书店, 在自己或朋友家里]",敬告：意图约炮、拉投资、做业务、帮洗钱、杀猪盘等勿近。本人学法出身，公检法同学甚多，对如上人士已无任何忍耐之心，发现必存证报案追究到底！我以前从事金融行业，因认真努力好学，年轻即被提拔，管过网点做过信贷和债券。和同龄人相比，自己本是遥遥领先之姿，前程明亮开阔。可是，人生终究是一罐装满各种口味的饼干，你永远不知道下面一块会是什么味道。而我的，也不是那曾经的咸甜爽脆。我不是一个认命的人，不管有多难，我还是会尽力去做自己想做的事，完成自己想成为的人。虽然学习和工作的不断训练，让我看待问题有理性的一面，但性格使然，感情上还是会敏感、感性很多。 你若投我以木桃，我定报你以琼瑶。,4,金牛座,O,,四川,遂宁,56,南开大学,,,,,,,,,,
322438577,陌生花开_215,female,0,168,67,5,,成都,31,"[摄影, 音乐, 写作, 烹饪, 读书, 中国菜, 泰国菜, 日本菜, 健康食品, 文学, 历史传记, 人文社科, 喜剧, 纪录片, 剧情, 电影院, 图书馆/书店, 咖啡厅, 卡拉OK, 其它, 名山古刹, 风情名城, 秀美山水, 江河大川, 峻秀峡谷]",985本科双学位，老家达州，与家人已定居成都，某央企西南总部职能部门工作。文字方面有点小才华，文章写得不错。总体比较温和文静，乐观开朗，随和好相处，会换位思考，做事有定力。修过心理学也有国家心理咨询师证书，沟通、同理心不错。坚持阅读与运动，学习和生活比较自律，有几本写完的摘抄。爱好比较广，喜欢散步、户外徒步、爬山，打乒乓球，唱歌，音乐、综艺，周末会做饭。如果做减法，那就是阅读与运动会长期坚持。持成长型思维，喜欢复盘总结，热爱生活，感情经历简单。学霸、川渝人、情绪稳定和责任心强是加分项。,2,双鱼座,,5,四川,成都,56,重庆大学,,,,,,,,,,
323757469,蕙蕙,female,0,160,67,7,,海淀,34,,我是一名化学老师，硕士毕业于师范院校，爱好是弹钢琴和旅游，我希望能在这里找到心仪的男士，共同开启我们幸福的生活,2,水瓶座,,4,辽宁,锦州,,辽宁师范大学,,,,,,,,,,
323248086,静若繁花,female,1,165,90,3,,昆明,46,,朋友们都说我性格成熟稳重，开朗大方，我的业余时间都放在了旅游，运动， 看电影上，一直向往有爱人的陪伴，简单幸福过一辈子的生活，期待可以碰到一个成熟稳重，有包容心。有担当的男士，我在这里等着一份缘定的爱情，等着你的到来。备注；只找云南省内的，外省的朋友不用给我发信息，以免浪费你的邮票,1,天秤座,,,云南,昆明,,,,,,,,,,,,
320938879,大函,female,1,166,68,4,,乌鲁木齐,51,"[园艺, 读书, 中国菜, 文学, 江河大川]",疫情让我们重新审视自己审视生活。三个月的静默消磨了我们的意志力魔平了我们对工作得热情和动力。这个年纪一个普通的女人说前程说发展都是美好的空谈了。赖以生存的信念是我们必须活着还要活的体面。很想找一个僻静的乡村小野隐居，从此后只看山黄水绿鸟飞虫舞。写写画画一日三餐。而现实是也许疫情结束后立即就要投入到水深火热的工作中去了。,1,巨蟹座,,26,新疆,,56,,,,,,,,,,,
319019396,Sunny,female,0,155,88,7,,烟台,50,,一个心理年龄可能只有28的人，喜欢旅游、看书、听音乐。有时偏宅，有时好动，看心情而定。性格开朗、幽默，喜欢带给别人欢乐也希望别人能带给自己欢乐的普通人。,1,金牛座,A,26,山东,烟台,56,大连海事大学,,,,,,,,,,
321048756,白头不相离,female,0,163,74,5,,渝北,38,"[汽车, 音乐, 园艺, 舞蹈, 烹饪, 中国菜, 烧烤, 素食, 文学, 励志与成功, 历史传记, 烹饪与饮食, 娱乐时尚, 动作冒险, 科幻魔幻, 悬疑推理, 纪录片, 历史传记, 政治事件, 理财投资, 影视热片, 休闲生活, 行业发展, 不想说, 惬意海岛, 广袤森林, 秀美山水, 峻秀峡谷, 小桥流水人家]",近期收到的邮件都无法打开，因为邮票已经用完，见谅！在编公职人员，双本科，车房全款，勤俭持家，无外债。家人都有稳定工作，父母退休在成都，弟弟是医学研究生已结婚生子，家庭温馨。平时爱好练瑜伽、画画和看书，偶尔自驾游，不上班时多数宅在家里，生活圈子较窄。愿在此能遇到有缘人，相互扶持，彼此真心，白头不离。解释几个疑惑：1为啥还没结婚？办了证，男方出国留学后分手了，未生育子女。2是否接受异地恋？gwy30年工龄可以退休，我18岁工作，47岁就是自由身，爱人在哪里，哪里就是家。3为什么双本科？18岁师范毕业，之后自考了一个大专，两个本科。真心结婚过日子，不是儿戏，所以比较慎重。没在社会上工作过，思维简单，还没学会处理复杂家庭关系的能力，故不能接受有孩子的男士，谢谢理解！,2,白羊座,O,8,四川,成都,56,中国政法大学,,,,,,,,,,
317083856,轻摇小扇,female,1,160,49,4,,深圳,58,"[网络, 汽车, 烹饪, 旅游, 电子游戏, 中国菜, 健康食品, 喜剧, 纪录片, 历史传记, 政治事件, 饭店, 商场, 繁华都市, 风情名城, 秀美山水, 历史遗迹, 江河大川]",我今年58岁，有过失败的婚姻，人到晚年，渴望得到一份夕阳爱情，找到一个愿意共度余生的人。我是一个孝顺，大大咧咧， 靠谱的人。希望找一个没有大男子主义，懂得体贴关心的人。真心找老伴，须视频才能继续交往，一切骗子滚蛋！！！,1,狮子座,A,26,四川,内江,56,,,,,,,,,,,
315929101,理想与美好,female,0,160,74,7,,西安,41,,顾家。看看食谱做做吃的，养养花花草草，家中摆设小小设计，都是我的美好时光。普普通通、踏踏实实做事，过日子！无任何不良嗜好，喜欢运动！热爱生活，喜欢摄影，旅行，生活简单，也希望你真诚、简单。,2,摩羯座,B,,陕西,西安,56,北京中医药大学,,,,,,,,,,
314589592,雅,female,0,158,87,5,,长沙,33,"[影视, 音乐, 读书, 旅游, 中国菜, 文学]",对世界充满好奇的钢琴老师，母胎单身至今，能感受到美好的事物，好希望能遇到一个人能一起分享眼前的繁花，心中的诗意畅想，真诚善良的两颗心携手同行，一起走在这蓝色星球的时光里.....,2,天蝎座,,,湖南,常德,56,,,,,,,,,,,
315920738,顺丰,female,0,163,68,5,,眉山,43,,听说顺丰的效率是杠杠的，想借一下东风。我，眉山人，工作生活重心在眉山。身心健康，性格开朗，可甜可咸，是居家过日子的乖乖女，体型高大匀称（不是弱不禁风的瘦弱性），户外活动是一把好手。因年龄不小了，希望能尽快找到一位合适的伴侣成家，生一个虎仔子（本人身体素质好），既是一种传承，也是情感与生活的纽带。希望你，有稳定的职业，规律的生活（生活稳定能促进婚姻稳定），孝顺，忠诚，靠谱。我可以养活自己，所以，对你也没啥其它要求，只是希望大家能谈的来，性格合拍。鉴于本人年龄不小，颜值不高，经济上只够糊口，攀不了富豪，大款，港澳台及国外的朋友，也请基金股票等从业人员放过（财运一般，没想过发大财）。不找网友，如果觉得合适就见面，见面合适就融入工作和生活。如果不合适，请忽略。为节省大家时间，请不要小孩或要不要小孩都行的朋友及川外的朋友不用来信（太远，不太现实）。谢谢。,2,摩羯座,B,,,,56,,,,,,,,,,,
311703186,1+1大于3,female,0,163,57,7,,浦东新区,39,,一个过得不平凡的平凡人，本科毕业后读了国内某知名高校MBA。人才引进 新上海人，高工，上海市区有房有车（沪牌）无贷，因上海限购政策，其它住房赠与了父母亲。知识家庭，父母都比我优秀多了，也都有养老，所以家庭无负担。单身未婚（不是离异），有领养一女（有关小女隐私的均不作回复）有能力养就养了。想寻找有缘的你，共赴未来挑战。不介意离异男，不介意没文化的文化人；讲话空洞男请绕行，我觉得自己配得上创一代。 介意属羊，犯冲会有芥蒂。 佳缘注册地非上海不在上海工作想通过找对象脱贫的勿扰，我自己花了十几年立足上海，肯定不想找陌生城市为爱来沪的。 不考虑上海外环外（算异地），可能节奏快工作忙 双方见一面并不易，婚后我的住房会限制你置换到市区，无关经济，我喜欢简单，郊区勿扰。,2,双子座,B,,,,56,,,,,,,,,,,
307958811,芦荟,female,1,164,85,4,,威海,54,,低配你的生活，高配你的灵魂；俭以养德，大愿前行；取之有度，用之有节！本人已退休，业余时间学习绘画书法，还喜欢自驾游。,1,双鱼座,A,6,山东,济南,56,山东工艺美术学院,,,,,,,,,,
310727466,韵味爱我,female,1,163,74,3,,长沙,48,,本人是长沙市人，性格开朗，顾家型。希望未来的他，人品好，相貌端正，有责任心。,1,双子座,O,26,湖南,长沙,56,,,,,,,,,,,
308203206,烟雨杏花,female,1,160,77,5,,南宁,50,"[音乐, 舞蹈, 烹饪, 读书, 绘画, 中国菜, 健康食品, 其他, 无特别爱好, 艺术与摄影, 励志与成功, 动漫与幽默, 历史传记, 健康与养生, 爱情, 喜剧, 古装武侠, 音乐歌舞, 历史传记, 政治事件, 理财投资, 影视热片, 休闲生活, 行业发展, 其它, 惬意海岛, 名山古刹, 繁华都市, 风情名城, 秀美山水]","身材好皮肤好，天生丽质，个性温柔善良,体贴细心,是靠谱的人 ，孩子已经大学毕业，南宁市区内也给他准备了婚房。父母也不在人世了，没有其他负担。年过半百了了，想找一个心性相同有责任感有担当帅哥哥携手人生。",1,白羊座,,4,广西,南宁,56,广西师范学院,,,,,,,,,,
308455045,南乔,female,0,162,66,4,,,41,,本人感情专一，善良，热爱生活，真诚寻找另一半，希望对方感情专一，以结婚为目的，无不良嗜好，彼此互相包容理解关爱对方。漫长岁月里彼此陪伴，不离不弃，携手共度美好一生。,1,天秤座,A,,,,56,,,,,,,,,,,
313075751,沛涵,female,1,160,99,4,,松江,50,"[摄影, 绘画, 旅游, 中国菜, 日本菜, 健康与养生, 烹饪与饮食, 旅游, 爱情, 喜剧, 科幻魔幻, 悬疑推理, 战争, 饭店, 商场, 电影院, 温泉, 图书馆/书店, 惬意海岛, 名山古刹, 高原雪域, 秀美山水, 小桥流水人家]","出生在军人家庭，为人比较传统正直，聪明善良、真诚孝顺、有点小宅、独立生活也希望能有个坚实的臂弯互挽，喜欢自由也希望彼此珍惜，对爱人和朋友非常贴心温暖细腻，热爱生活，接受新事物的能力强，喜欢旅行、美食和看电影，对摄影和画画也有兴趣。曾有一段失败的婚姻，现在登录佳缘平台，想找个真心喜欢我的，本人73年，有个女儿已经成年，希望我的知心伴侣长相端正，收入稳定，身体健康，有独立住房。婚姻是需要两个人用心去经营的，以及茶余饭后的陪伴，所以异地恋是我无法接受的。希望往后余生目标一致，共同营造温馨的家，一起烹茶煮饭，一起听雨赏雪，一起踏青旅行。来信请贴上邮票,以免我看不到你的信息,谢谢!PS:无认证，无照片，滥交友，加QQ，网络投资诈骗虚拟币的请务必远离！小心被举报！本人来平台是真心寻找伴侣的，认识一个月见内请带上证件见面。",1,双鱼座,B,23,,上海松江,56,,,,,,,,,,,
309938211,阿兰娜的小马甲,female,0,171,45,7,,静安,33,"[电子游戏, 其它]",90年的上海土著一枚，目前在外企工作，三观端正脾气好。平时比较喜欢玩桌游密室剧本杀等游戏，也时常健身运动。想找一个温柔善良的小哥哥脱单。（另，很抱歉本人不接受离异。）,4,金牛座,O,19,,上海静安,56,,,,,,,,,,,
307363422,光芒星,female,0,164,68,5,,广州,25,"[音乐, 园艺, 舞蹈, 绘画, 旅游, 中国菜, 泰国菜, 巧克力和甜点, 动漫与幽默, 动作冒险, 悬疑推理, 什么都看, 娱乐八卦, 相声曲艺, 休闲生活, 电影院, 音乐会, 温泉, 名山古刹, 风情名城, 秀美山水, 江河大川, 小桥流水人家]",我生于1998年5月份，性格活泼、开朗、率性！随着年龄的增长，我已经步入了婚嫁的黄金期，为了配合我人生重要的阶段，也为了让亲人们少操点心，选择了这里，希望我好运满满，遇到合适的男生！我从小在广州长大，已经习惯了广东的气候和风土人情，所以我只找广东省内的男孩，年龄必须是23---29之间，身高必须175以上，最少大专学历，否则，很抱歉！将不会回复。,1,双子座,,,广东,广州,56,,,,,,,,,,,
307837004,空空,female,0,164,76,7,,朝阳,46,"[摄影, 读书, 体育运动, 旅游, 中国菜, 健康食品, 素食, 什么都看, 爱情, 纪录片, 剧情, 暂无, 剧院, 温泉, 在自己或朋友家里, 风情名城, 高原雪域, 秀美山水, 江河大川, 峻秀峡谷]",爱好旅行，去过30+个国家。如果您有文化，有品位，有思想，不油腻，不能发展成恋爱关系也可以聊聊。不会被骗，有意图的绕行吧。打个招呼马上就要联系方式的，加了微信不说话的，您不用加我了，我习惯先在这大概交流一下，再决定是不是有必要留下联系方式进一步沟通。没加会员，看不到带锁的信。,2,金牛座,A,,辽宁,辽阳,56,,,,,,,,,,,
306968532,浅语,female,0,164,47,5,,朝阳,50,,上班族，生活的赶路人，乐观、开朗，目前在医疗行业工作。留QQ的托，请自重！,2,双子座,A,9,,,56,,,,,,,,,,,
307942296,予彤,female,1,160,88,7,,宝山,43,"[影视, 音乐, 读书, 体育运动, 旅游, 中国菜, 日本菜, 健康食品, 文学, 运动健身, 健康与养生, 旅游, 人文社科, 古装武侠, 悬疑推理, 纪录片, 剧情, 政治事件, 体育赛事, 畅销书, 影视热片, 行业发展, 电影院, 温泉, 图书馆/书店, 咖啡厅, 体育馆, 名山古刹, 风情名城, 历史遗迹, 江河大川, 峻秀峡谷]",我：上海人，相对安静。有运动的习惯，在达成半马200后，下一个目标是全马400，希望有生之年朝圣波马。刚入手山地车，希望胆子大一点后再买一个公路，跟上骑行团大部队。合适的时候入SUV，带上家人，开启自驾旅行，把南极和卢浮宫重新提上日程。你：出生在城市，生活在上海，有稳定收入和住房。全日制本科或以上学历，情绪稳定，身心健康。全马达到BQ，或者骑行等运动项目优秀，年龄可以放宽^_^期待的生活：彼此欣赏，共同成长。一屋两人，三餐四季，琴瑟和鸣，相濡以沫。开始复工后忙碌的生活，希望有人分享外卖买一送一的咖啡和红豆年糕派，周末的煲汤和小龙虾能和你一起一顿吃完，O(∩_∩)O~杀猪盘请出门左转~,2,天蝎座,,11,,上海静安,56,,,,,,,,,,,
307291178,醉易温柔的在纽伦堡,female,0,175,69,4,,广州,23,"[舞蹈, 中国菜, 运动健身, 爱情, 娱乐八卦, 在自己或朋友家里, 繁华都市]","年龄25，毕业2年了，关于外貌，漂亮,高挑,丰满，身材比较欧美。不用开口就问我v信，这里都聊不了三句，v信能聊出啥？谢谢",1,摩羯座,A,,广东,,56,,,,,,,,,,,
305614432,wen?qi?er,female,0,170,56,5,,滨海新区,38,"[中国菜, 什么都看, 惬意海岛, 秀美山水, 历史遗迹, 江河大川, 小桥流水人家]",选择另一半，各有各的原则。我选择工作在天津（非回族），居住在天津塘沽，从没有过孩子的。不接盘无论现在跟谁的拖油瓶。我喜欢旅游，憧憬生活自由。希望我未来的另一半是有责任心，有担当，实事求是，经历过高考不低于大专的正规学校毕业，IP所属地和户口皆为天津，在天津有稳定的正式工作（自有公司不算）。基本不出差。年龄不超过44岁，至少同岁，身高最低170，不过分超重。w祖籍，冀。天津大港人，住塘沽开发区，中档国产车。在职接本。希望你在天津滨海新区塘沽有车，必须有独立住房，无所谓贷款，因为我有房贷。不相信没有面包的爱情。基本的物质基础必须有。父母必须均有医保、社保、有养老住房。注：不考虑天津市以外的任何哪里及在天津市其他区居住的，不是谁不好，是奔波的成本太高，人生减负等于质量，何苦为难自己。,1,双子座,,8,河北,衡水,56,天津农学院,,,,,,,,,,
302134346,寻觅,female,0,159,70,5,,永州,29,,我大学毕业后，通过校招进入永州市一家国有大银行，由于父母都有正式工作，思想单纯，无忧无虑，一晃到了结婚的年龄，只想找一个条件相当，父母没有负担，且自己在永州市冷水滩有稳定工作的男士结伴，平淡生活。希望对方真诚，诚恳，憎恨婚托，欺诈，假冒。我是诚心来找男友恋爱结婚的，非诚勿扰，我只要喜欢，自己认定了的就专一，从一而终，厌恶朝三暮四。,1,天秤座,,7,湖南,永州,56,,,,,,,,,,,
304248766,非诚勿扰,female,1,168,90,5,,海淀,44,,离异多年，无孩，某部委直属事业单位工作，以结婚为目的。因工作原因，不便上传照片。相貌不丑，大可放心。诚觅靠谱忠诚的优秀男士。非诚勿扰。,2,双子座,A,,,,56,,,,,,,,,,,
300040760,月圆人圆,female,1,159,67,5,,郴州,51,"[音乐, 舞蹈, 旅游, 中国菜, 文学, 励志与成功, 健康与养生, 旅游, 婚恋与家庭, 惬意海岛, 秀美山水, 历史遗迹, 小桥流水人家]",那个懂我、爱我、疼我、伶我的你在哪儿呀，你会在下一个十字路口等我吗？已退二线了。喜欢旅游、到舞蹈机构跳舞、练形体、学走旗袍秀，打乒乓球。希望你人品好、有责任心、有担当，我们三观相近。,1,狮子座,O,8,湖南,郴州,56,,,,,,,,,,,
300651500,佳缘会员,female,1,162,98,4,,深圳,34,,"未婚先育、所以我写了离异、介意勿扰！我想找这这几个生肖，猴—鸡—猪—鼠 — 羊 ！我有宝贝帅气儿子一枚2017生的宝贝！我是一个大大咧咧,乐观,善良,可爱,开朗,体贴的人 ，爱好广泛的我，喜欢自拍,淘宝，关于外貌，简单形容就是大眼睛,唇红齿白,漂亮，我现在的生活状态和心情，可以说是“奋斗中,静待缘分,努力挣钱,单身求解救”。虽然知道生活不易，但我希望你在我的未来里，我的余生里有你。 有眼缘就会回复！有眼缘就会回复、我不会主动发信息、收到我的信息、都是系统自动发、系统自动发！谢谢",1,处女座,B,,广西,南宁,1,广西师范大学,,,,,,,,,,
301547446,顺心顺意,female,0,153,85,9,,长春,41,[无特别爱好],中科院北京某所博士毕业，中科院某所博士后出站，有国外访学经历，现在长春一所985高校做科研教学工作。家教好，无负担，勤奋善良，有一妹妹硕士毕业，在呼和浩特一央企工作，已结婚生子。欲寻找学历差不多，年龄差不多，有责任心，有担当，无家庭负担的结婚对象。我的资料是真实的，希望你的也是！我给你发信前都关注过你，我没关注过你的信都是系统发的，非我本人所愿，请删除！本帐号是家人给注册的，家人在内蒙古，本人在长春。,1,天蝎座,A,4,,,23,,,,,,,,,,,
298515079,兰姐,female,1,163,81,5,,防城港,51,"[网络, 影视, 音乐, 烹饪, 旅游, 中国菜, 日本菜, 素食, 文学, 历史传记, 旅游, 婚恋与家庭, 爱情, 纪录片, 剧情, 历史传记, 政治事件, 娱乐八卦, 影视热片, 休闲生活, 电影院, 温泉, 图书馆/书店, 咖啡厅, 逛街, 惬意海岛, 名山古刹, 风情名城, 秀美山水, 历史遗迹]",我是在广西定居的北方人，公立中学在职教师，还有两年可以退休，真心寻伴侣。如果您跟我联系，有过初步的交流之后，希望我们能够坦诚相待，先视频看五官，再深入聊三观。至于将来去哪里生活——所爱隔山海，山海皆可平，有爱人在的地方就是家。我的性格是豪爽与文静兼备，期待遇到一位温文尔雅有爱心的男士，我愿和您相互扶持，三餐四季，共担风雨，同享快乐。最近系统经常代我发信，打扰到您非我所愿，您不必理会。我亲发的信件，末尾会加上表情符号或者本人亲发字样。,1,处女座,O,,黑龙江,哈尔滨,56,,,,,,,,,,,
298984226,未央,female,1,165,100,5,,海淀,54,,起落有觉，进退无碍；自洽舒服，融他欢喜。你好，我是未央，北京生人，祖籍山东胶东。在京高校从事人事管理工作，高级职称，事业编制。性格温润、优雅大方。坚持慢跑、健美操，擅长书画、手工，喜欢音乐、旅行……多年国内外分隔两地离异，一子麻省理工学院全奖博士在读，经济独立。希望同城的你，诚实自律、健康豁达，未来携手去看不一样的世界。,4,天秤座,,4,,北京,56,中国人民大学,,,,,,,,,,
299921184,等末班车的人,female,0,166,91,5,,惠州,39,"[读书, 旅游, 中国菜, 文学, 悬疑推理, 战争, 休闲生活, 行业发展, 图书馆/书店, 咖啡厅, 高原雪域, 秀美山水, 小桥流水人家]",未婚，84年出生于湖北随州，感情及生活都是非常简单的一个人；目前住惠阳，临近深圳，希望你是坦诚且真实的，有一定的涵养！！！最后没有在彼此年轻的时候相遇，但希望这份迟来的相遇变得份量更重！注：1）介意距离惠州、深圳以外城市暂不考虑；2）联系前请先看下我个人资料同介绍避免浪费时间；3）没有实名认证同目的不纯的勿扰。,1,双鱼座,O,16,湖北,随州,56,,,,,,,,,,,
298006431,空镜,female,0,165,59,5,,成都,36,"[影视, 音乐, 园艺, 读书, 旅游, 中国菜, 泰国菜, 日本菜, 素食, 历史传记, 健康与养生, 烹饪与饮食, 旅游, 自然科学, 爱情, 喜剧, 动作冒险, 古装武侠, 科幻魔幻, 政治事件, 相声曲艺, 影视热片, 休闲生活, 行业发展, 电影院, 图书馆/书店, 卡拉OK, 在自己或朋友家里, 惬意海岛, 名山古刹, 广袤森林, 历史遗迹, 江河大川]",整体性格：简单纯粹、爱憎分明、直爽优点（个人觉得）：识大体、爱家顾家、非常重感情、特别认真和负责、IQ一般般吧，EQ还可以（至于善良、孝顺这些我觉得是基本素质就不多说了）缺点：有时候会很坚持原则，有点强迫症（比如家里一点不能乱）爱好：宅、看书、电影、花艺、旅游（因为口罩事件哪都没去）另外说明一下：因为某些特殊原因，有段大约三四月的闪婚经历（无孩！！）介意的请绕行。同时异地的也请绕行。再有就是：不是会员的男士很抱歉我无法看您的信件...非诚勿扰，谢谢，祝大家愉快！,2,巨蟹座,,20,四川,成都,56,,,,,,,,,,,
297994426,思思,female,0,167,94,7,,浦东新区,38,"[网络, 购物, 中国菜, 自然科学, 悬疑推理, 娱乐八卦, 商场, 在自己或朋友家里, 惬意海岛, 秀美山水]",老爸为爱女佂婿：先感谢你的仔细关注。我女：善良、真诚、善解人意、传统。众夸其聪明漂亮，我的眼中：她孝道实在、才华溢群、能力出众、操心负责、极重感情。我女：211重点大学生物本科毕业，从事教育，工作得心应手。2017年，她中断工作到新西兰读硕，还是生物专业。女曰：为了成长自己；为了或许能为老爹老妈找一片蓝天白云。 我们老两口双师：我经济师、她工程师，现退休。我们节俭了一辈子，退休金花销有余；我们身体倍儿好，想为独女作梯。我老婆为女儿的婚姻慌得不可终日，可姑娘非得要遇到心仪之人，宁可独善其身。 告知：我们不图富贵，但求旅途中不离不弃、相依相伴的良友，快乐一路。 告知：游戏人生的俊友勿扰；薄情者勿扰；找花瓶的勿扰；不知敬畏之人勿扰。我们还不算太笨，有其他目的朋友，敬请绕道，以免浪费了您宝贵的功夫。 告知：我姑娘的照片多为今年或去年照的。她面相年轻许多，多有毛头小子闹出笑话。 告知：姑娘本人未做点滴整容；照片多为素颜；身高为净尺寸；其余资料也完全真实。 告知：想进一步了解，请拨电话，我老婆守着；若很有眼缘，请于姑娘直接联系，微信是她的，新西兰时差早四个小时。三思慎行。 看官小哥：慧眼识璞玉。之于你是在国内或是在国外，这是小问题。我们要找的人须：善良，我对善良的理解是：遇到事儿能先替对方着想；担当，是个爷儿。 踮着脚可抅着，你就去抅吧，胜利当属勇者。 愿天下有情儿女皆幸福。一个老爸的内心祝福。 2018年7月 姑娘毕业回国，现就业于上海嘉定一家生物公司从事生物细胞治疗工作，现已落户上海。祝大家心想事成。谢谢。 2021年9月,4,射手座,,9,山东,聊城,56,国外某大学,,,,,,,,,,
293900609,,female,0,165,49,4,,浦东新区,33,"[网络, 汽车, 体育运动, 电子游戏, 中国菜, 泰国菜, 健康食品, 文学, 艺术与摄影, 旅游, 爱情, 喜剧, 政治事件, 理财投资, 休闲生活, 惬意海岛, 风情名城, 秀美山水, 小桥流水人家]",短期交往看脸蛋。长期交往看脾气！一生交往看人品。时间是个好东西，验证了人心，见证了人心性！我是一名瑜伽老师！特别喜欢小孩，以后生二到三个小孩子！生活中开朗活泼。贤惠！喜欢养生，运动，旅游，逛街，烹饪美食。但感情总是缺少，可能之前的小任性，希望找个相互喜欢的人，嫁给爱情。，相夫教子。性格合得来，三观一致的人共度余生。感恩有你！,1,天蝎座,AB,3,,,56,,,,,,,,,,,
291072996,默然,female,1,152,55,4,,广州,46,"[摄影, 计算机, 中国菜, 战争, 体育赛事]","本人，在广州打工的湖南人，职业：翻译。 诚征：广州户口，身高173-180，年龄48-55之间，大专以上学历,有房车，年收入18万以上的男士做余生的伴侣和我的守护神.备注：1.加了微信，在没聊几天，根本都不了解的情况下动不动就叫亲爱的，说肉麻的情话的男士，请绕道，了解期间我不喜欢挺肉麻的情话，随便说情话的男人基本都是多情种，我没兴趣.2.光说没有行动-发红包的男士，请绕道！我不是物质的女性，但我是实在的真实的女性，有质量的生活离不开钱，男人真心喜欢一个女人，会转红包给女人，不会光说！我没有闲心听废话。我这人很真实，我有意跟对方相处的男士，给我转红包，我才会收下，我无意交往的男士，我是不会收你红包的。 但不给我发红包的男士，想空手套白狼，就凭你一张嘴上的甜言蜜语，想我动心，那是你多想了！ 本人只会对一个男士真正的动心，因为我只需找一个伴侣。能让我感到你的真心和用心，确实是想为我余生护航，对我好呵护我的男士，我才会收下你的红包！ 我收下的红包不退还的，证明我愿意和你牵手余生！3.年收入低于18万的，不要给我写信，因为我不会选择低收入的男士做伴侣，因为不想扶贫！另外，非佳缘钻石会员的信件，发过来我也打不开看不到，我也不会付费去看这些打不开的信件，因为我觉得，连个钻石会员费都不舍得付的男人，抠门到家了，我没兴趣付费去看看这类男士的信件.我这人很直率，不喜欢藏着掖着，实话实说。",1,狮子座,,3,,,56,长沙理工大学,,,,,,,,,,
290415501,相伴到老,female,1,160,86,5,,西城,46,"[摄影, 舞蹈, 读书, 体育运动, 旅游, 健康食品, 励志与成功, 政治与军事, 历史传记, 健康与养生, 投资理财, 喜剧, 音乐歌舞, 历史传记, 政治事件, 行业发展, 惬意海岛, 秀美山水]","传承几代junren之家优秀传统家风家训，风清气正、爱国爱家，正直、正派、忠诚、踏实、孝顺、有责任、有担当。30年前随父母全家定居北京西城。在此纯粹征婚，以结婚为目的，只找北京同城，非诚勿扰！异地勿扰！骗子勿扰！本人基本情况：75年属兔，在北京生活工作近30年,有北京社保医保养老，单身离异，无子女、无家庭负担、无经济负担、无生育打算；个人经济独立稳定、生活简单充实，不依附不高攀、顺其自然、心平气和，至于其它，有则锦上添花，无则依旧风华；自尊自爱、自律自立、心态阳光、性格开朗、积极乐观、热爱生活、热爱运动；身体健康、精力体力充沛、贤惠善良孝顺、干净整洁，不抽烟、不喝酒、不打牌，无任何不良嗜好；早睡早起、规律生活，坚持早起晨跑10多年，无论春夏秋冬、严寒酷暑，已经习惯成自然；正能量满满，除了是一名运动爱好者，平时还乐于参与社会公益活动。同类相吸、同屏共振，喜欢交往同样充满正能量的三观正的朋友。感谢佳缘这个平台，感恩所有人的付出！在此希望遇见我未来的老伴，一位值得我爱、值得我疼、值得我陪伴、照顾到终老的男人！",1,射手座,O,3,河北,廊坊,56,,,,,,,,,,,
291049862,秋实,female,1,162,70,4,,普陀,49,"[纪录片, 政治事件]",出生于普通知识分子家庭，在央企从事平凡的工作，但内在的优秀品质没变。希望对方有点文凭、有点文化、有点素养,1,巨蟹座,B,,辽宁,沈阳,56,,,,,,,,,,,
291057737,舒颜,female,0,159,76,4,,衡阳,33,"[网络, 音乐, 购物, 体育运动, 旅游, 中国菜, 日本菜, 烧烤, 健康食品, 素食, 喜剧, 动作冒险, 悬疑推理, 惊悚恐怖, 纪录片, 娱乐八卦, 体育赛事, 理财投资, 影视热片, 行业发展, 电影院, 音乐会, 温泉, 咖啡厅, 在自己或朋友家里, 惬意海岛, 名山古刹, 风情名城, 广袤森林, 峻秀峡谷]",没有开通会员，看不了信，来信请帖邮票！！！我——喜欢，鲜花、水果、坚果、阳光、大自然不沾烟酒、不赌博、作息规律、圈子干净、善独处爱好，户外运动，游泳、旅游，跑步（坚持了很多年，有幸跑过马拉松，所以太肥且油腻的人请绕行）。父母均有退休金，无兄无弟，县城自购小三居室一套，无房贷无负债。相片均为真人实拍，不漂亮但是原装，虽然学历不高，但学习能力强^_^希望你是一个好人，原生家庭和谐，同时是一个身心健康，有主见、有担当，对人生有规划的积极向上的人。自卑敏感，高额负债，不善倾听不愿沟通，有传染病的人请绕行！,1,处女座,其它,3,湖南,衡阳,56,湖南工学院,,,,,,,,,,
289310452,琴萧,female,1,163,80,4,,津南,63,,我就是我，一个生活朴素待人真诚的宅女注：大家好！我钻石会员巳到期.你们来信我看不到了，如有诚意认识请贴上邮票。谢谢！今天我收到来信，在我认真回复的时候才知道巳被阻止，请各位来信的朋友发信前检查一下是否阻止字样，另外：我是候鸟生活，天津和江西上饶各住些日子,1,双鱼座,A,,浙江,,56,,,,,,,,,,,
290066589,薇,female,1,160,53,4,,长沙,67,[],我身心健康，性格温存、通情理。无不良嗜好。不喜欢多的社会交际。闲暇时喜欢看书、电视剧、有时唱唱歌跳跳广场舞。希望另一半是个性格好、素质高、身体健康家庭及社会关系简单，有责任心无不良嗜好会下厨的男士。我的照片里坐着那张是今年（2021年）所拍，其它是2014-18年的。另：若有意与我相识你却舍不得买首张邮票那就算了！你条件再好却要我为你出这两元钱，已看不到你任何诚意。奉劝一切以推销目的类别白费心思来信，写也是白写！,1,水瓶座,,,,,56,,,,,,,,,,,
288121591,灯火阑珊,female,0,165,99,7,,许昌,41,,本科师范学院，硕985大学，学的化工，冷门专业，也不善于赚钱。父母农村的，可以说属于心比天高，命比纸薄的一类。出身最底层，只有个学历。40岁，无房无车，没结婚也没孩子。从河南中部农村走出来，到大都市北京都待过，曾经非常外貌协会，和非常重视相处的感觉和默契，因此，一直没能结婚。只有个学历，却又被父母给予厚望，希望我出人头地开宝马住豪宅，如今害得我不敢联系父母，自闭不敢接触，目前的状况，似乎所有人都在冷嘲热讽我。希望男方年龄最好在大15岁以内。年收入最好在10万以上，这个非强求。目前有负债不到十万。近两三年来状态比较差，心情非常烦躁，常莫名发脾气，也有一些亚健康症状，加了几个好友，都没有聊，因为目前每天都在头疼，腰疼，浑身没力气的状态，因为不舒服，所以对所有人都很厌烦，在此给他们说声抱歉，不是有意，实在是控制不住的脾气，一直以来在看中医医案，看能不能给自己调理，有懂中医的朋友可以给点建议。,1,双子座,A,,河南,,56,,,,,,,,,,,
287534642,cally,female,1,162,92,5,,渝中,35,"[日本菜, 素食, 投资理财, 期刊杂志, 自然科学, 纪录片, 惬意海岛, 广袤森林]",国企干部，非金融类单位，双休。我呢会做几个小菜，内心清净，比较努力，挺会包容人，比较孝顺，没有不良习惯，做事有分寸，生活规律，身心干净，喜欢东南亚气候。业余时间就是健身啊，看纪录片，阅读一些专业书籍，节假日陪陪父母。修身养性，话不多，感情被动，随缘。希望找个工作稳定，身心健康，实在的男士。不接受炒股、打牌、经常打游戏的。超过45岁，不生小孩的，非重庆工作的都不要来信了。,2,巨蟹座,A,8,重庆,,56,,,,,,,,,,,
287079179,寻爱,female,0,162,52,3,,苏州,32,,本人真实年纪40岁，离异 ，有孩子在身边，之前填错了，系统实在是改不了，所以在在里声明一下，不存在欺骗，不喜欢年纪大的请绕开。本人之所以在这个平台是以结婚为目的，想找一个真实，诚实，能给我幸福的人，想找人恋爱解闷的请绕开，想白占便宜的请绕开，身份不真实弄虚作假的请绕开，已结婚为目的，愿意出示一切证件已真实信息相告知的，来给我留言。另外本人有外债10几万，我对另一半要求人品好，感情专一，高素质，收入50万以上，有房有车，舍得给另一半花钱，不抽烟，不酗酒脾气好，爱干净，愿意分担家务，做饭，喜欢小动物，有爱心，能接受以上条件，再来发消息给我，否则请勿打扰，还有最近系统会自动群发消息，我试过关闭不了，大家有收到本人发的信息请不要理会，我本人从不主动发消息，请谅解！拒绝福建人和身边有孩子的人,1,狮子座,A,,江苏,徐州,56,,,,,,,,,,,
286873951,Athena,female,1,163,99,5,,长沙,54,,诚心找另一半。本人善良、朴实、无不良嗜好，喜欢摄影、旅行，高校工作。希望有个70年-63年出生、受过正规高等教育、性格温和、不抽烟、不酗酒、不打牌、在长沙有稳定工作及自己名下住房、喜欢自驾旅行、能彼此欣赏的人牵手未来。资料虚假者、不合条件者请勿留言！虚假资料者就不用试了，太容易识别了，别浪费时间；还有本人不加Q，别留那些五花八门的号。资料真实者如有意了解，希望能主动出示证明自己身份的相关证件：身份证，社保帐号，公积金帐号，长沙市不动产中心房调表等，我也会提供相应材料。,4,天秤座,A,,,,56,,,,,,,,,,,
286374830,南京常州人,female,1,163,63,4,,常州,63,,离婚10年了，孩子也已成家，现在想找一个彼此合得来，能携手走完余生的有缘人，（附 近期一、二年的照片）谢谢！,1,双鱼座,,8,江苏,无锡,56,中央广播电视大学,,,,,,,,,,
286229222,无肉不小欢欢~,female,0,160,54,5,,武汉,34,,鉴于个人习惯，我喜欢丑话说在前面，可能对于不熟悉的人来说，会觉得不太舒适，但我认为总有需要磨合的地方，要不这就算第一步吧哈哈哈哈~1、我是武汉本地人，不排外，不拘束对方一定是武汉人，但必须要在武汉发展哦，这段时间很多外地的小伙伴发信息，建议不需要发哈，不在武汉发展我就不考虑啦，也不回复了，请收悉嘿嘿~2、本人胖，略丑，接受无能可绕道哟~暂不接受指责或指教哦，嘿嘿~康桑密达~3、本来之前我是不太要求对方婚前要有房的，觉得可以婚后一起努力的，但是最近经历了闺蜜的，同事的一些事儿，可能打破了我这种带点天真的想法，婚姻是务实的，可能该有的就一定要有吧才能避免一些争吵，吵架太累了…我好懒，不想吵架~4、希望对方真诚，有较为稳定的工作（不稳定的自主创业也可以哈哈哈），家庭温暖和谐，性格略开朗（不冷场就行，太内向我怕我救场无能…），愿意沟通（敲黑板，这一点贼重要！）~如果父母还受过教育，那真是锦上添花啦~*当前，要更注重和家人得欢聚时光哦，祝大家身体健康，阖家快乐啦~??,1,摩羯座,,26,湖北,武汉,56,,,,,,,,,,,
283786535,橡树,female,2,165,92,5,,伊利诺伊州,75,"[旅游, 中国菜, 意大利菜, 旅游, 喜剧, 政治事件, 惬意海岛, 广袤森林, 秀美山水, 江河大川, 峻秀峡谷]",诚挚，善良，阳光，喜欢旅行，受过良好教育，身体健康，略懂英语，一直开车。我长住美国， 如果住在大陆你有决心来美国居住，我们可以考虑两边居住或养老。因为条件限制我无法购买邮票，如果你有诚意，请自付邮票，谢谢！再次强调寻找伴侣，不交友！！！最近若干年轻人来信，请别浪费时间，如不听劝阻，视为恶意骚扰 ！照片为2022年8月,1,处女座,O,,,,56,,,,,,,,,,,
283055726,紫静城,female,1,160,82,4,,浦东新区,58,"[音乐, 写作, 读书, 绘画, 旅游, 中国菜, 法国菜, 日本菜, 烧烤, 健康食品, 惬意海岛, 风情名城, 秀美山水, 江河大川, 小桥流水人家]",靓丽中不乏淡雅、明艳中透着清新。颜控！照片是近几年拍的，有几张是今年2023年拍的！多读书、多锻炼、自律、阳光豁达好心态可以保持年轻态～ 当今社会，视觉年龄比实际年龄更重要～性格慢热、娴静少言，文艺宅女、好读书，偶有著文自娱，或唱歌、书法消遣，闲时旅游、健身……一个人的生活轻松自由，再有个爱人相互陪伴、相互照顾的那才是幸福！女儿留学后留在日本工作，日本或者上海生活皆可。网络是虚拟的，落地见面才算认识。存了些看信宝，可以看来信，有眼缘可以发信给我，我会认真回复你。常常收到百合网上会员的来信，抱歉，我没有注册百合网，来信打不开…id地址与资料不符的请勿来信，qq不加！,1,天秤座,O,,,,56,,,,,,,,,,,
283115731,清清,female,2,162,97,5,,广州,42,,我的性格比较活泼开朗，善于沟通，在广州从事球场地面体育设施工作多年，闲时，喜欢看书写作。练瑜珈，跑步，我憧憬双方要相互尊重，同频共振一般的生活，希望对方是一个上进。并自律自爱，善良孝顺。有爱心的，更对未来有规划男士，是一种人与人之间无形的连结，也是某种必然相遇和无限的可…，曾经的过往深爱过。得到过。也失去过。如果你想爱就深爱。不想爱请绕道走。不能光明正大的，“财大”气粗的，心里变态的。带任何欺骗性的请滚远点，平台是公平的，提供渠道让大家相识。不是求功利与交易的场所。更不会让大家张冠李戴来随意替代他人征婚与闲聊，因为每一个人都不傻，看破不会点破你了。希望彼此都带着真诚踏进。正常婚姻中育有一个十二岁的男孩在广州与我一起生活学习。我们彼此积极向上面对生活！努力忘记过去的悲伤！也希望能够有人闯入我们的生活！共同过美好的未来！,1,天秤座,O,,广西,河池,1,郑州大学,,,,,,,,,,
281097479,胡蝶,female,2,172,99,7,,朝阳,57,"[网络, 园艺, 读书, 绘画, 旅游, 中国菜, 泰国菜, 巧克力和甜点, 无特别爱好, 励志与成功, 哲学与宗教, 人文社科, 自然科学, 什么都看, 爱情, 喜剧, 悬疑推理, 纪录片, 什么都看, 政治事件, 休闲生活, 行业发展, 其他, 电影院, 音乐会, 咖啡厅, 体育馆, 在自己或朋友家里, 惬意海岛, 名山古刹, 风情名城, 秀美山水, 小桥流水人家]",遇见是万里挑一。我性格开朗、爱笑、孝顺、善良，爱好广泛，热爱生活，喜欢阅读、园艺、艺术和运动。教育领域工作，我生长在一个知识分子家庭，原生家庭氛围欢乐亲密温暖，对婚姻关系的理解就是简单随缘，安心平和，温馨温暖，相知相伴，相互迁就，相依为命。因为懂得所以慈悲！未来等待一位宽厚儒雅懂悲欢知冷暖的暖男相濡以沫，一起品味阳光温热，岁月静好。PS.非财务自由者勿扰。学识修养不搭者勿扰。非在京的异地的请勿扰。年龄47岁以下的勿扰。,2,摩羯座,B,,山东,烟台,56,天津大学,,,,,,,,,,
281281011,wing,female,0,160,64,5,,广州,36,[],Local，廣州出世，小時係香港，回廣讀書工作。中文系畢業，气质、知性型女仔，業後一直係世界頂級跨國公司任職管理職位，2021年年中發現婚姻家庭是人生最重要的部分，希望尋覓到一生嘅伴侶，建立完整美滿家庭。不排除閃婚。,4,摩羯座,,6,广东,广州,,,,,,,,,,,,
282774611,梁如月,female,2,130,57,3,,吉林,61,"[动物, 音乐, 体育运动, 中国菜, 烧烤, 健康食品, 爱情, 喜剧, 休闲生活, 饭店, 商场, 温泉, 卡拉OK, 在自己或朋友家里, 小桥流水人家]",来到这里一年了，看到很多人的资料，能看上真的是需要眼缘的。我不符合你的标准，我不会再看。人要有点志气呀!为什么篡改我的独白呢？有那么几位，我都不看，像考勤，跟*一样，脸皮真厚呀！即烦人也恶心人，没有放照片是自己真不想看到那几个人的嘴脸呀！！！每天早餐后收拾完卫生就上会网，十点多下网做午饭，午饭后再来个午睡，醒来喝会下午茶，在给养的花浇浇水，日复一日.新年伊始，郑重声明，不看你一眼的，给我滚，少来我这里，明白？！我烦的人就别老来这里了。有位男士问我，找老伴钱怎么分配呀？都没把自己位置放正就先谈钱，用网络一句话回答：啥也不是，丢人.今天是母亲节，其实也是我的生日，在失去母亲后，我就告诉女儿，从此以后我在也不过生日了。余生好好爱自己，不奢望就不失望。发信息我也看不到，看到的人家又没回应，就怕对牛弹琴呀！哈哈哈今天（28）早上收拾厨房发现柜门下面有水，顺藤摸瓜找到出水点，原来是阀门坏了，铜鼓半天，不行，就声援了孩子奶奶家的那边亲人，给处理的妥妥的。自己感觉有时真的很无奈。现在我都不反锁门了，生怕会有意外，到时候孩子进不来。嘿！,1,金牛座,其它,,,,56,,,,,,,,,,,
280754378,小熊,female,0,162,86,4,,南昌,29,,随缘，遇到一个适合自己的人，安稳的过一辈子。(外地勿扰）看眼缘，好的品行，温暖的家庭，良好的习惯。本人没有不良嗜好，洁身自好，无混乱私生活，不去酒吧，不去夜店，因为会被爸妈扫地出门，朋友圈干净的不能再干净，反正肯定比你干净。就是性格有点矫情和跳脱，性格多变吧。吃不消的绕道。可能你会问，你这么纯净，那平时干啥，我呢，平时无聊，报报班，趁着单身学点技术，比如古筝，拉丁，烹饪面包西点，我不说样样精通，但也是花了大价钱学的兴趣爱好，我的生活很丰富，就是缺了一个老公一个娃，最重要的娃，娃娃太可爱了。老公的话，我觉得看着看着就会腻的。?家庭和睦，南昌本地人，不找外地的，除非定居南昌。我是一名乡镇小学老师，别问我为啥剩下来，因为任性，喜欢贤良淑德的男士，我们可能不适合，喜欢妖艳风华绝代的，我们可能更不合适。家里父母健在，均有养老金，有一个妹妹已经结婚，有一个弟弟在读南昌大学临床医学专业，不用担心我是伏弟魔，当然，也会帮衬一二，但会控制度。大男子主义勿扰，妈宝男勿扰，暴脾气勿扰，爱美女的勿扰，我虽然不丑，但也不美。但是别人夸我美的话。那我就厚着脸皮应下了。自己脾气不好，想要温柔淑女的勿扰。你脾气好，我就脾气好，你脾气不好，我脾气可能比你还不好。不要试图挑衅我，我会让你后悔认识我。诚心交友，老大不小了，不想结婚，奈何，我看别人家娃娃太可爱，自己也想要一个，如果我加你微信，不代表我喜欢你，只是想要通过微信了解你是否合适，如果聊完之后我删了你，可能我们不合适，不要生气，我已经删习惯了。我不搭理你，不代表对你印象不好，只是暂时不合适，当然也有我真的觉得我们不合适。本人性格跳脱，有心脏病的，小心了，我喜欢气人。因为，很有趣，但我不喜欢你气我，有点霸道哈，的确是，我的确是只管州官放火，不准百姓点灯的性格。,1,水瓶座,O,,江西,南昌,56,南昌师范高等专科学校,,,,,,,,,,
280052658,绯色夕阳,female,0,167,87,8,,朝阳,40,,我来自河南省的一个小城市，出生于普通工薪家庭。本科毕业于河南大学，18年博士毕业来到北京工作。希望能在这里遇到有缘的人。,2,水瓶座,B,4,河南,,56,上海外国语大学,,,,,,,,,,
278788160,在成都的小罗,female,0,160,47,5,,成都,36,,很高兴认识你，本人一直在成都，有个姐姐大学毕业去深圳了，姐夫华为的，在深圳定居，小孩都小学了，父母在西昌均有退休金，家里没有任何负担，有商铺出租每年还要支持我几万，之前信了十年基督教，寻找成都或者深圳男，支持婚检，大家还是要一个小孩，希望能有缘份。（我在成都，怪了不知道ip怎么显示外省）,1,狮子座,AB,,,,56,,,,,,,,,,,
278258499,小西,female,0,160,50,5,,武汉,37,"[手工艺, 绘画, 旅游, 中国菜, 健康食品, 励志与成功, 运动健身, 健康与养生, 旅游, 什么都看, 暂无, 名山古刹, 风情名城, 峻秀峡谷]",以前我总觉得，人要拥有的够多才能幸福，但最近几年我越来越认同，好的人生其实是从做减法开始的…过期的食物要丢，衣柜里不穿的衣服要舍弃，别留恋，往前走，去迎接新的生活！（新的一年希望重新出发在此平台寻到有缘人，要求对方真诚稳重，品性善良，不抽烟，未婚，大专以上学历，28-40岁之间身高不低于1米72）,1,白羊座,B,20,湖北,武汉,56,,,,,,,,,,,
279427129,粒粒,female,0,155,62,5,,海淀,41,,81年的金牛座女，简单，执着，善良 。爱好广泛的我，业余最大的消遣就是看书，喝茶，画画，书法。工科出身爱好汽车，机械类。热爱工作，积极上进， 希望能够找到一个积极向上，志同道合的人，有时间一起走遍全球，本人多年欧美外企工作，熟练掌握英语。不好意思免费的信我读不了，没有阅读不予回复望谅解。没有照片的烦请不要来信了，谢谢,4,狮子座,AB,26,山东,青岛,56,,,,,,,,,,,
276546256,随缘,female,2,164,86,7,,朝阳,73,"[网络, 影视, 购物, 绘画, 旅游, 中国菜, 法国菜, 意大利菜, 俄罗斯菜, 日本菜, 文学, 艺术与摄影, 哲学与宗教, 健康与养生, 自然科学, 动作冒险, 科幻魔幻, 惊悚恐怖, 动画, 政治事件, 相声曲艺, 海选活动, 影视热片, 饭店, 电影院, 咖啡厅, 逛街, 在自己或朋友家里, 繁华都市, 广袤森林, 秀美山水, 历史遗迹, 江河大川]",虽已年过古稀，仍想追求人生完美。入网一年，感到：得一知己太难。现想：能诚心相待，相助相随，足矣。我北京长大，上山下乡，文革后考大学，考研究生，辗转回到北京，在大学任教师，兼任教学管理处室主管。现退休在京，独居，女儿在国外。真诚征一诚实、善良、年龄适宜，健康的男士，愿与其携手，相依相助，共度今后时光。,1,金牛座,O,4,黑龙江,哈尔滨,56,吉林师范大学,,,,,,,,,,
274910490,Elizabeth,female,0,161,50,8,,桂林,37,[],书香门第家庭出身、在编大学教师的我，未婚、纯洁善良、温柔细心、通情达理、自尊自爱、身体健康，5岁学琴、获电子琴考级证书十级，掌握英语、韩语和日语三门外语，重点大学毕业，留学归国，工作稳定，市中心城市户口，有房有车，父母均为大学教授，身体健康，家人和睦。我真心诚觅愿意和我成为家人牵手一生的男士,1,天秤座,,4,,,,,,,,,,,,,,
270616326,杨柳白墙青瓦,female,0,156,84,4,,嘉定,44,"[动物, 写作, 烹饪, 读书, 体育运动, 相声曲艺, 历史遗迹, 小桥流水人家]",不要删独白！婉拒离异。有过同居的 或者订婚的不适合。未婚已育过的勿扰！***不接受丁克男有隐藏离异的，多说了他几句反倒被投诉了。隐藏离异者，不要浪费时间！辨别骗子：反复长期刷屏浏览资料或只网上联系不见面者。之前一直在上海外企，目前在苏州 一带。 但是沪苏 间 已实现同城化。624读书人一个，整体状态和心态远不像同龄人诚挚诚恳的写给屏幕后的你：寻缘。网络的诱惑，让很多异性已经在网上十几年。青春和生命本身已经流逝了多半。彼此成全，而不是单向寻找，否则彼此都越拖越大。悬崖勒马，相互成全的心态就是接近幸福的第一步！一起追赶人生！我们已经落在别人后面一代人！人不是等什么都有了才有幸福！而是一起创造才有幸福。人和人相遇是一种缘分。而不是 各种条件的交换。【世界上不存在最优最佳选项，因为 人 是 相互的 】从我们的人生结局倒着想一下人生，来到这里，希望【给彼此打开一扇窗】当面认识认识。感恩遇见你我。***实际80年生人，上有兄长。善解人意 随和 爱笑想找简单，知性 善良的人！读书人 ，漂泊上海来着，一开始没有把心思放这个上面。 错过了时间！工作对象是 学生层面高中开始迄今跑步！打球（单练网球），踏青。**心里一直想遇到北方的，这也是单身的 最大原因之一！因为家乡人会有一种心灵归宿感。网上见不到真人。-—经历：留学过，当时汇率8以上！中途经济原因回国。学的外语，之前的心思放学习上多了！在上海一步步，外语高口，还去立信，32岁拿到初会一路这样走出来的---希望你： 重视健康，慎独！我自律性极强，从不熬夜，晚9点关机，注重健康管理，留学时开始20年自己做饭吃，健康是自己的。补充：父母的长辈都是85以上，家族无任何 大病或者慢性病遗传基因！追求生活！希望我们年龄相仿（谢绝年长者）,1,巨蟹座,A,4,,,26,国外某大学,,,,,,,,,,
272190509,哈哈,female,1,160,82,4,,深圳,37,,我的性格比较大大咧咧，但温柔善良、贤妻良母型！懂得理解与包容！但前提不要挑战我底线，闲暇平时喜欢画画看书运动，偶尔美容等！一直向往与相爱的人平平安安相守一生的生活，期待可以碰到一个体贴温暖阳光上进成熟稳重的男人，我期待与你一起走过这段人生的历程，一起分享生活的酸甜苦涩。介意也不用给我发信，骗子绕行，谢谢！,1,射手座,O,,,,56,,,,,,,,,,,
270046577,谈婚论嫁,female,0,163,90,5,,海淀,56,"[音乐, 手工艺, 烹饪, 体育运动, 中国菜, 健康食品, 动漫与幽默, 动画, 音乐歌舞, 音乐会, 体育馆, 惬意海岛, 秀美山水]","不以谈婚论嫁为目的的，请勿扰。本人是非京事业单位在编，高级职称，没在岗，年龄到了可办理退休。早年因为从事野外地质工作，错过了最好的成家年龄。在北京工作生活累计近十多年了。我本人，是个外在形象和内在品质统一的人。自以为还算得上是端庄和大气，也有朝气，状态显年轻；忠于感情，自律，也很善良，善解人意；不喜欢心机，不爱生气。喜爱运动(乒乓球、游泳、户外活动)，并常年坚持着，亦如坚持我的爱情理想。纵使岁月流失，心中却始终留有一块清纯的领地。喜欢音乐和唱歌，喜欢很多美的事物。干净整洁灵巧，擅长把家布置和打理得温馨舒适，并做上几款非常可口和有营养的饭菜。父母亲都去世了，所以希望你宽厚，积极向上,阳光一些就最好了。",1,摩羯座,B,4,河北,,56,,,,,,,,,,,
268878682,Free heart,female,0,168,60,5,,广州,40,"[影视, 音乐, 读书, 旅游, 中国菜, 法国菜, 意大利菜, 日本菜, 健康食品, 文学, 励志与成功, 历史传记, 其他, 爱情, 喜剧, 动作冒险, 科幻魔幻, 悬疑推理, 剧院, 电影院, 音乐会, 温泉, 图书馆/书店, 惬意海岛, 名山古刹, 风情名城, 高原雪域, 历史遗迹]","I need to follow my heart ！在国际商务领域，自有公司，圆心在广州，半径通往全世界。创业路上一路曲折，一路风景。读万卷书，不如行万里路，这些年，去过几十个国家，意大利，法国，西班牙，奥地利，瑞士，德国，荷兰，日本等进行商务活动。（非外贸）工作之余，喜欢阅读，音乐，电影，艺术、柔和运动，散步， 出行........阅历算是丰富， 足迹还算广阔， 内心仍是少年，风华正茂。追求一种简单、自由、然而不乏情调和快乐的品质生活，遵从内心的节奏和秩序感， 活得自由而轻盈！如果你也和我一样：真诚，富有勇气和热忱， 追求丰盛人生，那么，请伸出手来，我们一起前行！一起携手经营幸福人生！Stay??hungry??,??stay??foolish??,??stay??waiting??for??the??right??one??!本人单身未婚，人生不设限， 年龄，阅历...... 这些都不足以定义现在和将来！人生追求价值和意义、自由和幸福！有追求的优秀的人自带光芒！希望他： 诚信，成熟，阳光，有情有义，有责任感，有生活情调，有一定经济基础，见过世面，有一定品位和追求。欣赏睿智、绅士风度的男士 ！谢谢！此外：农历生日，实际为处女座。",4,狮子座,A,26,湖北,,56,长江大学,,,,,,,,,,
267513141,冷清秋,female,2,164,62,4,,锦州,50,"[其它, 其他, 其他, 其他, 其他, 其它, 还没想好]",锦州人市内居住，71年12月属猪，离异无子女。无不良嗜好。身高164体重108，身材匀称，举止文雅，安静温和、秀外慧中，外表外型相比同龄人年轻许多。已经退休。希望你，纯单身、对我好，知书达理，言行一致，脾气温和，相信爱情，善良宽容大度，思维正常诚实，干净体贴，有担当有家庭责任感‘、没有复杂男女关系家庭人员简单。年龄52-58之间，退休金6.000以上(在基本生活设施具备的情况下)。我目前的生活状态已然很好，安静安稳安然，余生依然希望过有点钱有点闲你侬我侬悠闲的慢生活。宁缺毋滥。来信请附带详细真实的的自我介绍，否则请勿打扰，请仔细阅读资料请严肃认真的对待征婚。,1,射手座,,,辽宁,锦州,56,,,,,,,,,,,
266288330,福虹,female,2,163,71,5,,通州,64,,首先为你鼓掌，我想说： 你这么有眼光 ， 因为在这么多佳人之中你正选择了我，这是你一生的运气，一世的才气，一辈子的福气。我是一祖传中医，（我的母亲是老中医）我的二个师父是道医高人，退休后我经常外出云游，同时为百姓做义诊～治病救人为己任，慈悲为怀，行善积德，大爱无疆。我很健康，我比同龄人看着年轻许多，我的身心状态是50岁左右，会游泳，我的照片大都是近照，没化妆，没染过头发，自然本色。我爱干净，喜欢听音乐，喝茶，喝咖啡，爱看书，会煲药膳汤，我为有缘人，做后半生的健康顾问，兼保健医，我对身外之物无欲无求，只想找一个能谈得来的有缘人，彼此健康，快乐，相伴到老。,1,狮子座,B,9,江苏,连云港,56,辽宁中医学院,,,,,,,,,,
264471790,叶子,female,1,160,77,4,,保定,63,"[网络, 音乐, 读书, 体育运动]",工程技术人员退休，家住涿州市。性格率真，知性大方，身心健康。希望遇到一位品貌端正，身心健康，能风雨同行的有缘人。,1,金牛座,A,10,河北,,56,,,,,,,,,,,
264243185,梦女孩,female,0,160,92,5,,渝北,34,"[摄影, 影视, 音乐, 读书, 旅游, 中国菜, 巧克力和甜点, 励志与成功, 动漫与幽默, 历史传记, 旅游, 娱乐时尚, 爱情, 喜剧, 政治事件, 娱乐八卦, 理财投资, 影视热片, 休闲生活, 商场, 电影院, 图书馆/书店, 游乐场, 在自己或朋友家里, 惬意海岛, 繁华都市, 风情名城, 秀美山水, 小桥流水人家]",性格偏外向，也带着一丝文静，平时喜欢看书、逛街、爬山、旅游等。希望你是阳光清新、自信勇敢、喜欢运动旅游，有上进心责任感！一起共面未来！,1,天蝎座,A,3,,重庆合川,56,,,,,,,,,,,
264073166,寻份真情,female,1,161,82,5,,清远,58,"[购物, 舞蹈, 读书, 体育运动, 旅游, 中国菜, 健康食品, 素食, 励志与成功, 旅游, 投资理财, 婚恋与家庭, 娱乐时尚, 爱情, 喜剧, 战争, 剧情, 娱乐八卦, 理财投资, 休闲生活, 饭店, 商场, 温泉, 游乐场, 体育馆, 惬意海岛, 风情名城, 秀美山水, 峻秀峡谷, 小桥流水人家]",本人知書達理，温柔贤惠。市直机关退休。有一儿子成家独立。想找个爱运动，诚实稳重的伴侣，过着二人世界的生活，优雅老去。,2,巨蟹座,B,8,江西,抚州,56,江西财经大学,,,,,,,,,,
263357696,追梦,female,1,161,100,7,,密歇根州,54,"[音乐, 舞蹈, 读书, 计算机, 旅游, 中国菜, 法国菜, 意大利菜, 日本菜, 文学, 艺术与摄影, 运动健身, 娱乐时尚, 爱情, 动作冒险, 科幻魔幻, 悬疑推理, 音乐歌舞, 体育赛事, 相声曲艺, 电影院, 音乐会, 咖啡厅, 卡拉OK, 在自己或朋友家里, 惬意海岛, 风情名城, 秀美山水, 历史遗迹, 江河大川]",生在北京，长在西安，祖籍福州。留学日本，后移居加拿大，又来美国。走过太多的地方，阅历和艰辛永远成正比，也造就了成熟与坚强。前半生可以形容为上得厅堂，下得厨房。工作一把好手，回家一个好妻子好母亲，两个优秀的儿子是对我所有付出的最好回馈。后半段活出自我，孝顺爸妈。憧憬在茫茫人海中不仅收获爱情，也找到心灵伴侣。希望彼此珍惜，相互理解，相互包容。我会给你个浪漫温暖的家，也请你借给我坚实的臂膀依靠。温柔，善良，孝顺，真诚是做人的本分。心态年轻，年龄永远不是问题。追逐梦想，活出灿烂的自己。PS我的照片从来没有修图。夏天的照片都是今年才照的。朋友们都说我是越活越年轻，问我是怎么保养的。其实我还真没有怎么保养，天生丽质有，最最关键的是心态年轻吧。只有心态年轻了，人才能做到由内而外的年轻。,4,双鱼座,B,,福建,福州,56,国外某大学,,,,,,,,,,
262549967,美丽的小可爱,female,0,160,63,5,,南充,29,,本人93年，女，在四川省南充市某事业单位工作，工作工资稳定，能自给自足，生活相对独立，最好的爱情是同舟共济，相濡以沫，最好的婚姻是相互独立，相互尊重。目前重庆*学研究生在读，经常往返重庆南充，寻找南充及重庆、成都周边城市单身男性，不接受离异男，父母离异的单亲家庭。,1,狮子座,,,四川,南充,56,,,,,,,,,,,
263383643,淡蓝色,female,0,159,81,5,,沈阳,39,,简单自我介绍一下，沈阳人，83年属猪的，未婚，本科，父母退休。希望对方人品好，家教好，有责任心，靠谱。,1,天蝎座,B,4,辽宁,沈阳,56,辽宁大学,,,,,,,,,,
260894984,暖雪,female,0,162,64,3,,合肥,35,,经朋友劝说来这里碰碰运气，毕竟网络太虚幻，真假难辨，怕自己分辨不出。很普通的一姑娘，外形不算漂亮，平时追剧，做做手工，爱美食和旅行。独生子女，可能一个人久了，独立性强，不太会依赖人，情商比较低。学历不高，之前从事文职工作，目前已离职，打算开家网店，做自己喜欢的事，并努力让自己变得更好。虽然已经这年纪，但不想因为年纪，物质等原因将就自己的婚姻。对于未来的他，希望他待人真诚.善良，有责任感，有上进心，可以相互沟通并且三观一致的人。注：感谢每一位阅读我资料的朋友，离异有孩子的勿扰，年龄40以上勿扰，望理解。(如有骗子也请远离我，谢谢),1,狮子座,,,安徽,合肥,,,,,,,,,,,,
259686901,黄花梨,female,0,160,96,7,,静安,30,,1992年出生，光脚身高160cm，体重44kg，沪籍，211大学本硕，知识家庭。曾在世界500强及高校各工作二年，经综合考虑决定换种活法，于2021年10月起，从事个人全职股票投资。,1,巨蟹座,B,,,,56,,,,,,,,,,,
260792228,Theresa,female,2,158,83,7,,比利时,60,"[汽车, 音乐, 园艺, 读书, 旅游, 中国菜, 烧烤, 健康食品, 素食, 巧克力和甜点, 文学, 励志与成功, 健康与养生, 烹饪与饮食, 娱乐时尚, 爱情, 喜剧, 悬疑推理, 音乐歌舞, 剧情, 政治事件, 娱乐八卦, 相声曲艺, 影视热片, 休闲生活, 饭店, 商场, 电影院, 音乐会, 在自己或朋友家里, 惬意海岛, 风情名城, 秀美山水, 峻秀峡谷, 小桥流水人家]","Scammers please get away get out of my view！不是真诚交友寻偶的骗子，请远离我的视线！我独身独立但不孤独,于千万人之中遇到想要遇到的你.遇知音,牵手共夕阳,许半生缘.你若愿意陪我浪迹天涯,我愿与你遨游海角. 不求一段浪漫,只求余生相爱相伴相随.前世今生,咫尺天涯, 缘于初始，爱从心开始。我1963年出生于书香门第之家，性格内向,温柔善良,勤奋操家理业,知书达理,独立自强.喜欢音乐，读书旅游。择偶年龄上下不越五为佳。最好有国外旅居经历,最好居住在欧洲，要会讲英文，本人已在欧洲居住三十余年。我的孩儿都已成年。相片摄于2021-2023年。您收到的信息以&#039;先生你好&#039;问候开始的才是我为! （非付费会员）期待真诚美好的遇见.",4,水瓶座,O,26,其他,其他,56,国外某大学,,,,,,,,,,
260831814,梦醒时分,female,1,155,60,5,,九龙坡,49,,我1974年出生，老家是重庆市璧山县大路的，现在重庆市九龙坡区西彭镇，本科学历，我裸高155，希望三观一致，非诚勿扰，谢谢！我不是会员，看不到信息，也回不了信息，抱歉！,1,金牛座,B,,重庆,璧山,56,重庆师范大学,,,,,,,,,,
258889439,天使小天,female,0,170,78,5,,闵行,37,"[影视, 音乐, 购物, 烹饪, 绘画, 中国菜, 泰国菜, 励志与成功, 健康与养生, 烹饪与饮食, 投资理财, 婚恋与家庭, 爱情, 动作冒险, 科幻魔幻, 悬疑推理, 动画, 政治事件, 娱乐八卦, 理财投资, 休闲生活, 行业发展, 商场, 电影院, 图书馆/书店, 咖啡厅, 在自己或朋友家里]",爸爸是警察，已经退休，哥哥也是警察。我喜欢旅游，看电影 看书 逛街 喝咖啡 喝红茶。性格属于比较平静温婉，喜欢简单的相处方式，假如你喜欢有点事就分对错的 喜欢猜疑的我们可能就不适合了，指缝太宽，时间太瘦。希望我们平淡的日子，浪漫过，珍惜在一起的每分每秒，我的爱情应该属于细水长流找一个有温度的他一起度过春夏秋冬，希望你优秀却不带优越感，明亮又不刺眼，自信又懂的收敛，既真诚又有责任感，真心希望在这里能遇到我的那个TA! 我虽然不算什么美女，可自信的女人最美丽， 我偏爱自己骨子里的那份温柔和安静，做一个内在柔软又强大的女人， 离异的不考虑 我这一生，放荡不羁。唯独见你，万般柔情。我这一生，平庸至极。唯独见你，波澜迭起。（有些发现是系统自动发的信息，比如我是那年的，血型是什么的，都是系统发的，请忽略）,2,摩羯座,O,,河南,,56,,,,,,,,,,,
258247801,其蔓,female,0,166,47,4,,惠州,49,,相貌普通，身材匀称高挑，身体健康，个性独立，思想传统，情感经历简单。不作，不闹，简单，朴实，率性。有点俗，有点土。具传统潮汕女子守旧的特性，也有都市女子的现代思维和独特个性。目前行业不景气，处于休整状态，只能算是混日子。过得比较宅，平时在家做做家务，听听音乐，看看新闻，锻炼一下身体，偶尔接个小单，日子过得轻松闲适。没有任何情感纠缠，没有婚恋子女方面的关系，没有什么存款，也没有经济负担，一切都非常简单。在深圳生活了20年，前些年移居惠州，现居于惠城江北。基于个人经历喜好，只考虑在惠州和深圳这两座城市生活，没到其他城市生活的意愿。,1,天蝎座,A,16,广东,揭阳,56,,,,,,,,,,,
258252341,GM,female,0,160,88,5,,丰台,35,"[中国菜, 运动健身, 投资理财, 喜剧]","根据网站要求，进行了手持身份证实名注册。我是一个孝顺,靠谱,顾家,诚信,善良的人 ，88年出生在内蒙，小学时随父母调到北京工作生活，身份证110102开头，未婚单身，京户京房京车，北京对外经济贸易大学会计专业本科毕业，在金融行业工作，任公司中层。(可不是推销理财卖保险的)持有CFA等证书。父母都是高级职称在京退休，姐姐姐夫都在京知名企业工作。性格开朗，善良聪慧，积极向上，知性气质，爱好看书，运动健身旅游等，善于理财。感情经历简单。没有任何不良嗜好。希望他，人品性格好，积极向上，真诚靠谱，健康阳光，未婚单身，年龄在88-83年出生，身高168-178CM,重点本科以上学历，在京有不错的工作和收入，最好有京户或京房，父母有退休金和医保，感情经历简单。不接受已婚过和异地的，非诚勿扰。谢谢。我不是会员，若有意联系可以连续发三封信，我买邮票看信，谢谢",5,水瓶座,,7,内蒙古,,,对外经济贸易大学,,,,,,,,,,
258937611,无法读信 遗憾,female,0,165,100,5,,常德,34,,（合适者请在此留言，切忌电话骚扰！离异丧偶者勿扰！）1988年10月生，湖南省汉寿县人，独生女，账务管理本科生，身高165，身材苗条，人称美。为人正直，心地善良，纯洁高雅，乐观向上，坚韧不拔，保持着学生时代的美好。喜爱舞蹈，钟情旅游，乐于健身，欢于棋艺，悦于偶像剧。,1,天秤座,,26,湖南,常德,56,长沙理工大学,,,,,,,,,,
254831105,胖子,female,0,160,89,4,,深圳,36,"[网络, 影视]",我是个大大咧咧的人东北 ，比较喜欢宅在家里，喜欢吃各种小吃。家到公司两点一线，我胖纸，基本没怎么想过减肥的胖子。我能在这个大社会生活了这么久，还没被骗走，所以骗子不要浪费你宝贵时间，绕路通过；,2,摩羯座,O,3,吉林,长春,56,,,,,,,,,,,
253891535,cc,female,0,167,91,7,,闵行,36,,310大学老师，寒暑假五个月，平时不坐班一周上两天课（两天班），so每天自己做饭打扫，热爱生活。不是310的，177以下的，戴嘎梁的，异地的不要来信，谢谢！祝大家都能找到合适的另一半噢,5,摩羯座,,,,,,,,,,,,,,,,
252831998,polaris,female,0,162,56,7,,徐汇,39,"[影视, 音乐, 购物, 园艺, 展览, 中国菜, 其他, 文学, 励志与成功, 历史传记, 健康与养生, 爱情, 喜剧, 动作冒险, 悬疑推理, 政治事件, 影视热片, 休闲生活, 行业发展, 商场, 剧院, 电影院, 惬意海岛, 名山古刹, 秀美山水, 江河大川]","时间过得真的好快啊，看着身边很多朋友和同学一个个都结婚生子，孩子都可以打酱油了，可自己的感情却还没着落，内心感到真的蛮惭愧的，所以真的不能再拖了，希望在这里能够早日找到一位善良、上进、人品好、有责任心的男生共同组建幸福美好的小家庭，也希望自己未来会是一个好妻子、好妈妈。我的性格乐观开朗，温柔善良，富有同理心，比较能站在他人的角度考虑问题。厨艺不错，基本满足大众口味，喜欢旅游交友 ，做政企方面的培 训,比较喜欢现在的工作。性格要合拍，谨慎的对待爱情和婚姻！我是认真的对待以后的感情的，最终的目的肯定是希望能够步入婚姻的殿堂，我认真也希望你认真！希望能在此找到有缘人！愿得一人心，白首不相离…",4,双子座,AB,4,,,56,,,,,,,,,,,
252390154,晓颖,female,0,174,56,5,,普陀,40,"[音乐, 展览, 读书, 体育运动, 旅游, 中国菜, 日本菜, 什么都看, 什么都看, 饭店, 在自己或朋友家里, 惬意海岛, 风情名城, 秀美山水, 历史遗迹]",上海人310、职业是书法老师、公司文书，工作稳定。性格健康、阳光、成熟、可爱，样貌高挑、健美。成长于一个家境良好、温馨和谐小康文明家庭。想在平台找到另一半。,2,处女座,,5,江苏,,56,华东师范大学,,,,,,,,,,
252660993,佳佳,female,0,166,88,5,,长沙,28,"[动物, 摄影, 音乐, 中国菜, 日本菜, 健康食品, 巧克力和甜点, 校园青春, 艺术与摄影, 动漫与幽默, 烹饪与饮食, 爱情, 喜剧, 科幻魔幻, 动画, 历史传记, 休闲生活, 商场, 电影院, 惬意海岛, 名山古刹, 繁华都市, 风情名城, 秀美山水]","我女佳佳今天满二十八岁，为父心急，代女征婚。父母双方家庭都是教师世家，她自己也是小学老师，虽不在编，但工作稳定。由于家教严格，交际面狭窄，至今没有恋爱经历。小女单纯真诚善良孝顺，没有任何不良嗜好。希望找到一位未婚，38岁以内，有稳定工作和一定的经济基础，本科以上学历的优秀男士在一年内前结婚。不求对方大富大贵，却必须有养家的能力。小女名下有房产3套，车库一间，资料完全真实，身份证已认证，照片纯天然，未做任何整形。在双方见面正式交往前是必须要查验身份证毕业证的，并且不会有婚前同居的可能，请那些没有诚意的，诈骗的,心怀不轨的,凤凰男妈宝男别来信了。来信太多，如无回复就是双方不合适，请谅解。社会复杂，网络虚幻，为父把关实属无奈，请谅解。20220928",1,天秤座,A,4,湖南,长沙,56,,,,,,,,,,,
251731967,雪中寒梅,female,2,156,53,4,,佛山,43,"[网络, 动物, 影视, 音乐, 旅游, 中国菜, 健康食品, 动漫与幽默, 政治与军事, 健康与养生, 烹饪与饮食, 投资理财, 爱情, 喜剧, 悬疑推理, 战争, 历史传记, 政治事件, 相声曲艺, 影视热片, 休闲生活, 饭店, 温泉, 游乐场, 卡拉OK, 在自己或朋友家里, 惬意海岛, 繁华都市, 风情名城, 高原雪域, 秀美山水]","我在佛山禅城，是一个顾家,善良,温柔，体贴，细心的人 ，能歌善舞，爱美食，爱旅游，老公前年因公牺牲，有一个6岁的小孩和我一起生活，请保姆照顾，希望能找到一个疼我和小孩的有生活情趣的人走完后半生。在佛山，广州工作的优先考虑。年龄不符的就不用发邮件给我了！",2,双鱼座,A,4,广东,佛山,56,佛山科学技术学院,,,,,,,,,,
250476921,熹宝,female,0,165,94,5,,朝阳,53,"[音乐, 写作, 展览, 读书, 体育运动, 中国菜, 法国菜, 日本菜, 健康食品, 艺术与摄影, 运动健身, 旅游, 投资理财, 其他, 什么都看, 娱乐八卦, 体育赛事, 秀美山水]",我是江南人在北京工作生活二十多年 经济独立 三环附近有自住房。寻找一位有眼缘 性格温和 志趣相似 有素养 比较健康的男士一起牵手旅旅游 做做饭。未来的日子一起共享美好、共度风雨。如果您抽烟、酗酒、爱好养宠物狗（本人怕狗）、不喜欢户外活动的 脾气急躁的人可能都不适合我。北京上海或英语国家条件相当、资料真实有诚意的绅士 ，欢迎您的来信。,2,水瓶座,其它,4,,,56,,,,,,,,,,,
250167281,锦梅,female,1,158,61,4,,加拿大,61,,本人先做个说明，因为出生日期是用农历填写的，所生上面显示的星座：水瓶座，是不对的。应该是：双鱼座。因为无法更改，特此说明。本人出生于教师家庭，父母都是教师。读完高中正赶上了恢复高考制度，考取了师范，自己也成了一名教师，在南京一所学校工作了20多年。2005年移民加拿大，来到了安省的金斯敦。来到加拿大，我从零开始，安家，学英语，学驾驶，找工作。在不断充实自己的同时，也让我接触到许多不同的人和事，生活的姹紫嫣红，养成了我善于思考的习惯。生活在这片土地上觉得更有意义，更适合我。因此一呆就是18年。我享受这里\"天空任鸟飞，海阔任鱼跃\"的自由，舒适。喧嚣，热闹与我无缘；平静，淡雅，安逸，规律的生活到是让我很享受。这样让我有了闲暇时间和心性去思考人生，我发现自己在这片土地上快速成熟，成长，暗自庆幸自己有了今天的模样:能放下，看开，看透，随遇而安，保持做人的初心，爱己，爱人，爱天地。有人说\"再婚象做贼，难有幸福美满的结局\"。但我并不这么认为，我相信自己有爱的能力，又有博大的胸怀，只要能遇上对的人，就一定能收获满满的幸福。不要忘了幸福一定是双方的。我要找的人一定得具备：b善良，a真诚，o（这是英文字母）懂感情。（我自己已经具备了这三点）y有了这几本的三点，h我想就可以了。1如果你觉得是我要找的那个对的人，9年龄相当，6就大胆联系我。2让我们共筑爱巢，享受幸福余生。（你是有心人就不会错过缘分的)。愿意跟我一起长期生活在加拿大的男士最受欢迎，我也可以偶尔跟你回国居住。附:我没有办法买邮票，想让我看到你的信，就给我贴个邮票，多谢了!,2,水瓶座,,,,,56,,,,,,,,,,,
251009861,Fairy,female,0,160,83,4,,东莞,37,"[烹饪, 旅游, 中国菜, 什么都看, 喜剧, 悬疑推理, 娱乐八卦, 理财投资, 影视热片, 休闲生活, 电影院, 在自己或朋友家里, 秀美山水, 小桥流水人家]",服务的公司在深圳坂田，目前申请在东莞南城办公；一个人走过几个城市：广州，深圳，东莞；在婚恋市场，我已失去竞争力，光是年龄就已经被完败，更何况还有其他硬伤；现在的心情：想恋爱和结婚；我的愿望很简单，每天有人陪在一起吃饭，有空就去附近走走，互相交流自己的见闻，过最简单踏实的生活；要求：真实，坦诚，无恶习；我的人生理想，就是每天睡到自然醒，有个院子，种菜养花，养鸡养鸭。,1,摩羯座,,20,江西,赣州,56,江西财经大学,,,,,,,,,,
250785056,方群,female,1,165,81,5,,六安,52,[],对的时间，遇见对的人，注定邂逅一场春暖花开。这样的遇见，在彼此的心端晕开绽放的白莲。希望在这里能遇到一位绅士。关于外貌，简单的形容高挑，健康。彼此投缘，欣赏，包容，共度余生。注：无邮票的信无法看，不回见谅。,1,天秤座,,,安徽,六安,56,,,,,,,,,,,
250772342,孤雁,female,1,160,62,4,,徐汇,69,"[网络, 摄影, 园艺, 惬意海岛, 名山古刹, 秀美山水, 峻秀峡谷]",喜欢一个人宅在家追剧，偶尔与同学们一起郊游放飞，近年来也做候鸟外出避暑避寒。可能上了年纪，感觉到了时间空间的落莫，如有志同道合的人我们就一起搭伴吧。有人说:中老年人找伴比行蜀道还难，确实哦，也放弃了。马上去南方过冬了，如有想旅居的大家可以结伴同行呀，一来缓解了寂寞，二来争取以后只过春秋季做候鸟。不想贴邮票的请绕道,1,天秤座,,,浙江,宁波,56,,,,,,,,,,,
246537526,赫本,female,1,162,86,5,,南京,46,"[音乐, 读书, 体育运动, 中国菜, 历史传记, 健康与养生, 烹饪与饮食, 纪录片, 政治事件, 温泉, 名山古刹]","随和易处,言谈举止有修养.做人做事爽快靠谱.懂换位思考,\""己所不欲勿施予人\"".业余时间以家庭为中心,生活有情趣,自律,爱干净. 每天运动,.身体健康,形象年轻,得体.多点感恩, 少点所求, 多点尊重和包容，少点抱怨和完美， 就会轻松许多. 要懂得珍惜，要能担当，要有责任心，这才是为人为家之道。",2,狮子座,O,6,,,56,,,,,,,,,,,
247076580,岑溪,female,0,162,53,7,,武汉,29,,本人生活经历简单，性情温和，有一套全款房，想寻觅一个年龄相近、学历相近、条件相当的未婚男士。,1,摩羯座,,,湖北,,56,,,,,,,,,,,
247238336,洪霞,female,0,160,86,5,,海淀,43,,?我是一个文静，靠谱，诚信，孝顺，通情达理，善解人意的人 。感情专一，懂得珍惜，更懂得感恩！?给人的第一印象是长相一般，不好看也不难看，但仔细看看会发现，越看越顺眼，哈哈！因为我面善，心灵美！俗话说“美丽的外表千篇一律，有趣的灵魂万里挑一！”我属于后者，只有与我相处过的人才有机会发现证实这一点！?“乍见之欢，不如久处不厌！”我属于相处的时间越久，发现我的优点越多，会让你感觉捡到宝了！哈哈！?另外，有不少人给我说过，懂一些面相学的人都会看出来 : 说我有?旺夫相?，将来和我在一起的人会更上一层楼噢！我想可能是因为我是一个心地善良的人吧！如果你也想知道她们说的是不是真的，那我们就一起验证一下吧！*^_^*?有句话说: 好人一生平安！所以请骗子绕行！如果你欺骗一个善良的人，那你也不会有好结果的，为了你和家人都能好好的活着，不被噩梦惊醒，请你也做一个善良的人吧！靠自己的双手，勤劳致富，不要再骗人了！也请不要来骗我，多谢！请你有多远就轱辘多远！,4,双鱼座,,,,,56,,,,,,,,,,,
250056809,美好生活,female,2,160,54,3,,金华,53,,温柔善良，简单快乐，出生日期：1970年职业：自由职业年收入：保密地区：浙江义乌爱好，运动、旅游缺点；说话直优点；温柔善良、自律自重，身高，160体重，115住房，孩子的房子都已准备好了，我自己名下的房子老家有养老金，汽车，有孩子，4个，三个女儿。一个儿子，大女儿结婚了。心目中的他，身体健康，心态健康阳光，遇到问题是有解决问题的态度。在爱情的基础上谈婚姻的《两情相悦，相互欣赏，相处不累》1：婚前财产都是你和你的孩子的，和我没一丝丝关系，2：婚前负责，《隐形负责》也是你的，不是不爱你，是因我没能力去承担。,2,双鱼座,A,,,,,,,,,,,,,,,
249508802,shen,female,0,158,60,5,,加拿大,36,,"87年生,身高158，加拿大华人，本科学历,加拿大安省健康部数据分析师。我是个内心丰沛的人,情感细腻丰富, 重感情轻物质,知书达理,会换位思考,顾及他人感受 ,具备爱的能力,随和,有包容悲悯心。我自己认为最可贵的地方是具备反思和自我调整的能力。想寻懂得感恩的善良男生。希望男生身高不低于170，不喜欢偏胖的。我没有邮票. 非诚意的朋友请绕道,不必浪费金钱和时间。",5,摩羯座,A,,,,56,,,,,,,,,,,
245381313,佳琳,female,1,165,65,4,,东莞,51,"[汽车, 摄影, 写作, 读书, 体育运动, 素食, 动漫与幽默, 健康与养生, 喜剧, 相声曲艺, 音乐会, 体育馆, 惬意海岛, 高原雪域, 小桥流水人家]",感恩遇见，谢谢你来浏览我的资料。本人时间自由，热爱运动，热心公益，素食为主。希望找一个身高不低于175，体重不超过80公斤，有爱心，爱学习，有良好生活作息习惯的男士。有稳定收入，有一定理财能力。希望能一起常常寄情山水，漫步田园，有生活情趣最好有艺术爱好的人。不接受异地恋。为了节约大家的时间，请爱K歌过夜生活，爱打牌打麻将，有外债的朋友直接不要找我。来信请附邮票，以示您的诚意.如果达不到以上基本要求，也请不要来信，浪费大家的时间。,2,摩羯座,A,,,,56,,,,,,,,,,,
244729480,安心,female,1,155,48,4,,武汉,51,"[影视, 音乐, 购物, 读书, 体育运动, 中国菜, 健康食品, 文学, 运动健身, 健康与养生, 婚恋与家庭, 娱乐时尚, 理财投资, 畅销书, 休闲生活, 惬意海岛, 繁华都市, 秀美山水, 江河大川, 小桥流水人家]",写信留QQ的一律拉黑人生没有来日方长，想找一个温暖的人相伴余生！我崇尚健康的生活方式，平时会跑步，瑜伽，希望你也一样，没有不良嗜好！希望你：真诚正直，大气有担当，不要斤斤计较，性格随合不要太固执。注：在上海工作了十几年，今年7月才回武汉我是天蝎座,4,天秤座,B,,湖北,,56,,,,,,,,,,,
243327710,lucky,female,0,161,70,5,,深圳,33,,爱运动，爱健身，保持自律和自由，不管年龄几岁，保持生活万岁。工作基本不用加班、不倦且能运用多年在大厂沉淀的经验散发光芒和魅力。在福田有精致而温馨的小窝，可安心宅家独处，也有车辆代步，选择随意出行，放飞自我。我希望的他是什么样呢？生活上要有质量和品质的追求，但不是精致利已；性格上要成熟稳重有责任心，但不是老气沉闷；工作上要有规划和进取心，但不是工作狂，对生活和身材都要有管理。人人都希望自己的另一半是优秀的，而我所理解的优秀不仅是你身上有多少光环、富余的物质以及丰富的资源，重要的是你要懂的爱我，珍惜我，照顾我的感受，否则你的一切都与我无关。30加的年纪，生活有阅历，工作有经验，知世故而不世故，历经风雨却仍能看见彩虹，我想这就是人生最好的状态！,4,天蝎座,A,5,贵州,铜仁,22,中南民族大学,,,,,,,,,,
243844796,微笑淡淡的,female,0,164,50,4,,深圳,40,,资料照片都是真实的，骗子勿扰，想找富婆的男士请勿打扰，免得浪费时间，理想的另一半，人品好，有责任心，有正规职业，身高不能低于170，不想异地恋，深圳范围内。（房地产销售，微商，保险行业不考虑）希望可以遇到有眼缘，真诚相伴，真心相爱，彼此付出的相伴到老。结婚就一辈子不离不弃！我的职业是汽车销售，不接受销售，或开口就问我是不是来找客户的，问这种没情商的问题，勿扰！加微信我也直接拉黑。 对待感情的态度，另缺勿滥，不将就，不委屈。私生活干净，也希望那些想玩一夜情的人渣滚一边去，如有遇到对我有好感的，见面没感觉会明说。不想伤害任何人，也不希望别人伤害我。同时也祝愿在这里真心想找另一半的人，遇到爱情遇到真爱，幸幸福福的。,1,白羊座,AB,26,湖南,衡阳,56,湖南师范大学,,,,,,,,,,
242426729,Alice,female,1,157,95,7,,九江,56,,"我是江西九江某高校五级副教授，是个诚信,善良,靠谱的人 ，性格偏安静，喜欢阅读，美食及吹奏低端乐器。希望能找个诚信，靠谱的同城有缘男士共度余生。",1,巨蟹座,,,江西,九江,56,,,,,,,,,,,
242489882,菁,female,1,166,68,4,,秦皇岛,46,,可以做几道美食:清蒸鲈鱼，红烧黄豆猪手，排骨冬瓜汤……需要彼此尊重，能让自己欣赏的成熟男人。经历新冠病毒后的幸福中国,1,白羊座,B,,,,56,,,,,,,,,,,
240975231,紫薇,female,1,161,61,5,,杭州,44,"[中国菜, 健康食品, 哲学与宗教, 历史传记, 健康与养生, 投资理财, 爱情, 动作冒险, 悬疑推理, 剧情, 饭店, 电影院, 图书馆/书店, 咖啡厅, 惬意海岛]","浙江省内人。动静皆宜,性格率直,善良孝顺，端庄文静,有个性,喜欢小动物和关爱老人,喜欢看书,看电影,散步,亲近大自然...希望你:人品好,性格好,脾气温和儒雅,包容大度,本科学历,有责任心,有绅士风度(骨子里的教养),生活精致整洁,言而有信,爱读书和运动,长得顺眼，江浙人士。本人读书年阅读量四五十本以上,希望你也喜欢看书.注:异地的、身高170CM以下的、加了微信一个月内不积极聊天不见面的,请不要联系我",2,巨蟹座,O,26,浙江,绍兴,56,浙江大学,,,,,,,,,,
241247031,冰壶秋月,female,1,156,82,4,,成都,54,"[摄影, 影视, 音乐, 读书]","请来免费信，否则没有意义！我是个传统、专一的女子， 性格文静温柔又不乏个性， 乐观开朗，心地善良宽容，喜爱亲近大自然，喜欢田园生活，也能闹市安居。希望对方是一个担当温暖干净的男人，心灵相通，相互理解，简单快乐,相亲相爱,相互体贴,白头携老的共渡余生.妖灵尔妖灵,芭舞流久芭.如果你是的话，那就快给我写信吧！2020，我来了！我在这里等着一份缘定的爱情。照拍于2020春",2,摩羯座,,,四川,眉山,56,,,,,,,,,,,
241020393,心归何处,female,1,158,49,4,,成都,49,"[音乐, 读书, 旅游, 中国菜, 文学, 爱情, 喜剧, 古装武侠, 影视热片, 电影院, 卡拉OK, 逛街, 惬意海岛, 风情名城, 高原雪域, 秀美山水, 历史遗迹]",我是川妹子，在航空公司上班，还有几个月就要退休了，想找个人相伴余生，如果你学历是大专或大专以上，有稳定工作，脾气好，性格好，孝顺父母的人，是成都周边的人，请给我来信，期望余生有你，香港、澳门、国外的就请别给我来信了，比我年龄小的人也别来信了，我不喜欢老牛啃嫩草，免得浪费你的银子看信，谢谢，那些炒股、定投、基金的骗子，请你们自重呵，本人诚心找伴。我先申明我没邮票，看不了你的信哟。一个人的日子好孤独，未来的老伴你在哪里呀？我在双流等你。我希望的另一半，最好不抽烟喝酒打牌。新的一年新的开始，希望2023年是双人行，不再是孤家寡人了，伸出你的手，我会回报你整个春天。欢迎来双流验证身份，真诚找老伴。本人微胖，减肥有点困难，希望找骨感美的人请别打扰我，谢谢！大我八岁以上的不考虑呵，谢谢，我的照片都是美颜过的，颜值控的别给我来信，你会失望的，毕竟我也是快知天命的人了！月老呀，请赐予我一个爱我的老公吧,1,射手座,O,23,四川,,56,,,,,,,,,,,
239817044,微笑倾城,female,1,160,97,7,,万州,40,,10年前，从外地来到万州，从象牙塔走出来的我，懵懂地进入婚姻殿堂。虽经历感情的挫折，仍相信有真爱，仍初心不改，你会是我的那个“他”吗？国内985，211大学硕士毕业。收入尚可，工作稳定，能自食其力，且无任何不良嗜好，圈子简单朴实，属于居家传统女性。 现寻找一正派有稳定工作的男士。骗钱骗色者勿扰，非诚勿扰！特别说明:系统不要给我发信！什么婚托婚介也不要！不接受异地恋，想找个重庆本地男踏实过日子！骗色骗财，请走开！非诚勿扰！,2,双子座,,,,,56,,,,,,,,,,,
240502301,你的猫跑掉了,female,0,165,60,5,,成都,26,,我目前在成都，因为项目现在运转成熟所以每天下午5点基本准时下班，很少有加班的情况。是家里的独生女。身高165，体重在95到100斤之间浮动。大学本科学历，计划未来考研究生（会根据实际情况权衡是否需要）。没有过同居史。因为自己平时比较宅所以除了工作基本接触不到男生，希望可以找到只属于我的白马王子(*^ω^*)不接受闪婚。离异或者成都以外的朋友不用私信了，谢谢。,1,巨蟹座,,,,,56,,,,,,,,,,,
239529155,小微,female,1,160,51,5,,喀什,37,"[影视, 展览, 计算机, 体育运动, 中国菜, 烧烤, 健康食品, 素食, 文学, 励志与成功, 期刊杂志, 喜剧, 悬疑推理, 历史传记, 休闲生活, 行业发展, 不想说, 惬意海岛, 繁华都市, 秀美山水, 江河大川, 小桥流水人家]",我曾经是个健全人，2010年一场车祸伤到颈椎里的脊髓，从此行走靠轮椅代步，生活不能自理。如果你问我能为你做什么？可能一切生活上的起居我都为你做不了，但是我能够做到嘘寒问暖，成为你最好的心灵伙伴。,1,摩羯座,O,26,四川,,56,,,,,,,,,,,
236802458,慕辞,female,0,165,95,8,,丰台,36,,感谢各位优秀男士的驻足，您正在浏览的是一位真诚交友的姑娘。个性温婉随和，独立包容。985高校博士毕业，期间赴美国知名院校访学2年，目前从事科学研究工作。北方城市家庭独生女，父母已退休。望与性格温和，有责任心，善良孝顺的优秀男士相识。,5,水瓶座,O,4,辽宁,,56,北京理工大学,,,,,,,,,,
237089486,明天会更好,female,1,160,70,5,,长沙,50,,找个人相伴到老。夲人父母双亡，一个女儿随父，只要对方有足够的真诚，到哪都可安家！夲人不是会员，你的免费信件我都打不开！,1,处女座,O,,湖南,湘潭,56,湖南财经高等专科学校,,,,,,,,,,
236277386,超级小气,female,1,159,66,3,,宝山,43,,正直善良，不赌不打牌吸烟喝酒超前消费，朋友不多圈子干净，洁身自好，离婚一事非过错方，没啥脾气吵不来架，会做饭，喜欢逛菜市场多过逛商场。父母有养老，女儿有他爸上海一套房子的一半份额。和前任婆婆在一个屋檐底下住着13年没有吵过架红过脸，离婚两年后婆婆癌症我在医院临终伴护三个月后送走她。缺点是：1，是个粗人，性格简单率直，没啥心眼子。2.学历不高，高中 。3.大概率是不打算生孩子了，高龄风险高，若有万一坑另一半和孩子。4，为人佛系懒散，衣品差，不喜欢打扮买衣服。,1,双子座,,3,广西,梧州,56,,,,,,,,,,,
233953433,Uuuu,female,0,168,72,5,,泰安,32,"[网络, 音乐, 读书, 旅游, 中国菜, 励志与成功, 人文社科, 什么都看, 休闲生活, 饭店, 商场, 电影院, 图书馆/书店, 逛街, 惬意海岛, 风情名城, 秀美山水, 小桥流水人家]",90年天秤一只。本科在韩国中央大学，回国后在上海工作3年。现在在山东泰安从事电商行业。生活独立，比较善解人意，喜欢沟通，希望对方也是出现问题时喜欢沟通的类型。喜欢旅行、读书，喜爱整洁，喜欢猫猫狗狗。有趣的人生，一半柴米油盐，一半星辰大海，两个人一起奋斗，一起享受生活…,1,天秤座,O,3,山东,泰安,56,国外某大学,,,,,,,,,,
235360686,等风来,female,0,164,56,4,,中山,34,,大家好，我是艾米，湖南人，目前在中山工作，性格成熟温柔，独立，处事沉稳，热情温暖，日常喜欢自己做饭。平时会喜欢做自己喜欢吃的菜，湘菜：血酱鸭、酸辣鸡杂、辣椒炒肉、炒田螺、炒猪嘴皮肉、红烧鱼、油焖大虾等。粤菜：白切鸡、鼓汁排骨、木耳蒸鸡、叉烧肉、卤肉等。煲汤：霸王花炖排骨、鸽子汤等。我喜欢简单的相处模式，彼此珍惜，相互包容，相互陪伴，相互成长。希望对方年龄43岁以下，身高167以上，情绪稳定，胸怀比体重大，执行力强，眼光长远，有责任心。 没有身份证验证通过的请不要发信息，离异勿扰，离异勿扰，谢谢。,1,双鱼座,O,,湖南,邵阳,56,,,,,,,,,,,
235934486,米字旗,female,0,172,75,5,,杭州,32,"[中国菜, 日本菜, 艺术与摄影, 运动健身, 旅游, 爱情, 喜剧, 动作冒险, 惬意海岛, 名山古刹]","90年的，从事model工作，爱好摄影,逛街；愿在这个虚拟的世界里，能找到真实的另一半！",2,狮子座,B,3,浙江,杭州,56,,,,,,,,,,,
232369300,坐着蜗牛上高速,female,0,170,76,5,,深圳,25,"[音乐, 写作, 舞蹈, 烹饪, 读书]",我是个性格开朗、积极上进的女孩，在深圳芯片公司上班。平时喜欢烹饪、看书、户外运动；琴棋书画略懂一些：会绘画、唱歌、舞蹈、竖笛、写诗作词和写文章（QQ空间有我自己的原创诗词），以前公司举行诗词大赛，我写了一篇诗词得了一等奖，公司奖励了我2000元。我平时喜欢自己做做饭，觉得吃着自己炒的菜，有种成就感，也喜欢周末在家搞下卫生，看看书。对于爱情：我将于茫茫人海中寻访我惟一灵魂之伴侣，得之，我幸；不得，我命，如此而已。愿得一人心，白首不相离。,2,射手座,,,,,56,长沙理工大学,,,,,,,,,,
232124357,沙漏,female,1,167,80,7,,西安,62,"[手工艺, 烹饪, 读书, 绘画, 计算机, 中国菜, 巧克力和甜点, 历史传记, 烹饪与饮食, 人文社科, 自然科学, 图书馆/书店, 咖啡厅, 在自己或朋友家里, 小桥流水人家]",我喜欢咖啡，淡淡的清香。咖啡演绎一个江南女人对它的情缘，邀约您在午后，山的那边、海的这头品味如同生活一样的滋味。(备注：年龄填写大了，系统无法更改。大专以下文化，条件不符请勿留言。谢谢！）备注：我离婚非夫妻之间矛盾是丁克家庭不被宗族认可，不得已为婆婆离婚。,1,摩羯座,,,浙江,杭州,,香港中文大学,,,,,,,,,,
230148683,晨夕,female,1,168,72,5,,保定,42,"[烹饪, 体育运动, 旅游, 健康食品, 素食, 运动健身, 健康与养生, 婚恋与家庭, 自然科学, 爱情, 动作冒险, 悬疑推理, 休闲生活, 惬意海岛, 广袤森林, 秀美山水, 小桥流水人家]",我喜欢跑步、游泳、旅行，希望找到一个和我一起发现世界无穷无尽美好的伙伴，婚姻什么时候到来并不一定如我们所愿，但这也让生活保有了一份未知的惊喜。,1,天蝎座,A,,,,56,,,,,,,,,,,
230244374,写月,female,1,160,67,4,,南宁,53,,已走过半生，过往已成回忆，我只想能与你牵手，闲暇时，我们一起去跑步，一起去撸铁，一起去骑行，当然，更浪漫的事，是与你有着说不尽、道不完的悄悄话，即使是不说话，呆在一个屋子里各做各的事，也能感受到对方——与你在一起就是最幸福的存在！,1,天蝎座,B,5,,,1,,,,,,,,,,,
229379157,元气宝宝,female,1,165,67,5,,银川,40,,对对方的要求：学历：硕士，身高：180，生活中希望对方对自己要求高一些，对女生要求降一级。本人爱打扫卫生，不爱做饭，想找个爱做饭的。,1,处女座,A,,,,56,,,,,,,,,,,
229355360,木偶,female,1,162,52,5,,南岸,41,,本人82年，离异有一女儿，重庆设计院管理工作、工作稳定福利丰厚。在任何时间、任何地点，只要遇见了那个对的人，爱顺其自然地就出现了。这句话成就了今天这个不堪回首的我。 再伤，再痛，我都告诉自己让笑容成为这世上最坚强的“后盾”，在这个过程中有拥有，有失去，就像一班长途列车，一起看风景的人很多，可愿意陪你一直看的人却寥寥无几。 一些事，只配当回忆，一些人，只能做过客，累了，蹲下来抱抱自己，依旧倔强的说：也不过如此。 每个人都要有坚定信念，不管你一次一次地付出，我深信都会有点收获——收获爱和幸福，收获一个丰饶的人生！ 希望你在重庆主城区工作和生活，年龄39-47岁，有稳定工作收入8000元以上，人品、性格好，成熟有担挡的异性、一起共陪伴、进步和成长。非诚勿扰！我们需要的并不仅仅是一个异性，而是一个可以沟通的灵魂，有着相同的爱憎、眼界和格局，还有其他人不能给予的安宁。行动胜过所有承诺，你睡醒会找我，忙完会告诉我，凡事有交代，事事有回应。彼此提供情绪价值、共同理解、陪伴是最长情的告白！,1,双鱼座,A,3,,重庆,56,,,,,,,,,,,
230326796,我本善良,female,2,160,91,4,,银川,48,,朋友们都说我性格温柔善良，喜欢唱歌跳舞，我憧憬浪漫温馨一般的生活，期待可以碰到一个暖男的男孩，我在这里等着一份缘定的爱情，等着你的到来。 （不是本地的免打扰）,1,巨蟹座,,,,,,,,,,,,,,,,
229962271,周玉洁,female,1,152,88,4,,柳州,36,,看庭前花开花落宠辱不惊，望看上云卷云舒去留无意,1,摩羯座,O,26,广西,柳州,1,广西大学,,,,,,,,,,
230676668,韵,female,1,162,75,5,,乌鲁木齐,52,"[音乐, 读书, 旅游, 中国菜, 法国菜, 意大利菜, 日本菜, 健康食品, 政治与军事, 历史传记, 运动健身, 健康与养生, 自然科学, 纪录片, 历史传记, 政治事件, 体育赛事, 畅销书, 剧院, 电影院, 音乐会, 体育馆, 逛街, 风情名城, 秀美山水, 历史遗迹, 江河大川, 小桥流水人家]",乐观自律、正直善良、有责任感，上厅堂入得厨房外表时尚内心传统的我，爱好广泛，喜欢旅行、读书、篮球赛、博物馆、运动、交响乐（现场）电影（外国影片）我将于人海茫茫中，访我唯一灵魂之伴侣，得之 ，我幸?? 夜坐听风，昼眠听雨，不乱于心，不念过往，如此安好的我，终是要等着您的！烦请55岁以下男士勿扰！祝福看我资料的您！,1,巨蟹座,,20,,重庆,56,新疆师范大学,,,,,,,,,,
228854378,菊,female,2,167,71,4,,鸡西,55,"[写作, 购物, 烹饪, 读书, 旅游, 中国菜, 烧烤, 健康食品, 素食, 文学, 励志与成功, 动漫与幽默, 历史传记, 爱情, 喜剧, 悬疑推理, 惊悚恐怖, 战争, 相声曲艺, 影视热片, 休闲生活, 行业发展, 温泉, 逛街, 惬意海岛, 名山古刹, 秀美山水, 江河大川, 小桥流水人家]",关于我：待人真诚热爱生活、喜欢旅游、可上厅堂可下厨房、自喻秋菊：默默东篱边，任西风骤；霜傲琼瑶别有姿，露饮香依旧。关于你：有丰富的阅历学识、有能力拥有爱情、积极阳光正直的你，如果退休啦能够一起散步、买菜、下厨房，一起旅行，正在工作的相互支持、互帮互助、互敬互爱牵手余生。条件不符者勿扰。照片都是21年的。,1,金牛座,O,6,吉林,,56,黑龙江大学,,,,,,,,,,
228917856,转角遇上你,female,0,161,82,5,,广州,40,"[网络, 摄影, 音乐, 读书, 旅游, 中国菜, 励志与成功, 哲学与宗教, 健康与养生, 婚恋与家庭, 爱情, 悬疑推理, 剧情, 畅销书, 休闲生活, 惬意海岛, 名山古刹, 风情名城, 广袤森林, 历史遗迹]",我是深情专一的，文化工作者，教育者，喜欢音乐，文化，商业，阅读，身心瑜伽，中医。想找一位高帅，修养好，性格温和的志同道合恋人。比较喜欢男人，在工作上有事业心上进心，在家有责任感，对我温柔体贴，粘人，因为我水星座女人，聊天有趣有内容，讨厌一切低俗的人事物。不求你多富有，不在乎年龄，不在乎地域。因为我也可以创造！比较重视感觉，一眼定生死。培养出来的是感情而不是爱情。但是相爱也需要双方好好经营相处磨合，世界上本没有完美的另一半，也没有天生非常适合的另一半，只有磨合成合适的另一半。人与人就充满各种矛盾的，真爱不是没有矛盾冲突，而是两个经历人各种矛盾冲突、争吵、删除之后，好好沟通，依然不愿意放弃对方的那个人。如果你看对眼，不妨试下过来磨合磨合。,2,水瓶座,O,,广东,茂名,56,,,,,,,,,,,
228364111,happy,female,0,170,97,8,,海淀,42,,首先说明一下哦，我的资料都是真实的，见面可以出示各种证件，人品性格很好，至今未婚真不是挑剔，希望尽快脱单，没太有时间和精力到处海选找对象。关于对方，身心健康，年龄相仿，硕士以上学历，聊得来，能够坦诚相待。希望对方可靠，关键是两个人合得来，未婚离异的男士皆可，放下太多苛刻的要求，也是给彼此更多认识了解的机会呀，也许一个回眸，缘分就来啦。（@@附注：不接受异地恋，不接受跨国婚姻，请非北京的，或者非华人，不要来信啦）重点高校教师，美国海归博士，山东人，未婚，身高170，为人真诚善良，温柔体贴，性格阳光明媚，乐观开朗豁达，有情趣，有品位，很好相处。我有女性的温柔体贴可爱，也有事业和人生发展的格局和见识，会是个非常好的贤内助，相夫教子，助您事业更加辉煌成功。希望相扶相持，尽快有个稳定温暖的家。希望对方年龄相仿，人品好，有个好性格，聊得来，学历硕士以上，喜欢读书学习，优秀有上进心，能够以诚相待，互相理解，互相帮助，踏踏实实过日子。因为一直忙于科研，比较专注，感情经历很简单，在婚恋上没好好用心找，至今未婚，希望遇到合适的人，一起经营幸福的生活吧。不太喜欢闲聊，希望您真诚。对物质层面要求不高，比较注重精神层面的共鸣，好想找一位性格，价值观，生活方式，以及兴趣爱好等等方面和谐一致的知心爱人呀。今年希望脱单哦，希望对方生活工作状态稳定一些，很渴望有个稳定幸福温馨的家庭，真诚寻找知心爱人，心心相印，幸福一生。照片皆为近照。解释一下至今未婚的原因，忙于科研，再加上圈子小，也不怎么主动，一晃悠就到现在了，其他事情都可以规划，找对象真的只能碰运气，缘分没到拖到现在，实在也是无奈没办法，我想每个单身的人都有同感吧。也不是要求高，只要自己最在意的几点符合了，其他方面能够接受，就可以了，当然也不是凑合，也要合适吧，期待能找到情投意合的人。,4,狮子座,,4,山东,烟台,56,,,,,,,,,,,
228649421,方晴,female,1,167,89,5,,朝阳,54,"[烹饪, 体育运动, 中国菜, 日本菜, 旅游, 饭店, 电影院, 惬意海岛]",善良简单，知书达理，体贴细致，安静干净。爱生活，爱下厨。爱运动，爱自然。请让我找到你，了这一世的尘缘。,1,狮子座,O,4,,,,,,,,,,,,,,
229174752,HBD,female,0,161,47,7,,英国,33,,喜欢音乐、阅读、旅游、烹饪、美食。憧憬简单、温馨、充实的生活。希望对方也是个真诚、乐观、阳光的人。非诚勿扰！,4,狮子座,,,,,56,国外某大学,,,,,,,,,,
228584596,橙树,female,1,166,51,7,,宁波,42,,请不是认真征婚，目的不纯的，不要给我发邮件。骗子不要联系我，浪费你的时间。 头像照片是2021年3月份拍的。目前在浙江宁波工作跟生活，祖籍浙江金华。目前定居宁波，已经购房，有贷款。公司双休，有比较多的年休假，所以能比较好的平衡自己的工作跟生活我是一个非常好相处的人，个性乐观，外向，善良，直爽。爱好也比较多。骑车，游泳，慢跑，旅游，看剧，电影跟音乐。希望找一个年龄相当，三观类似，有相同爱好更加好。因为宁波确实是比较小的地方，所以也不介意宁波周边的地区。比如杭州或者是上海等地方。不介意婚史，也不介意对方是不是有小孩。因为我自己本身就非常喜欢小孩，跟小孩也都相处的非常好。请不是认真考虑结婚找对象的，以及与我要求出入比较大的朋友绕路，谢谢你。最后，祝愿大家都可以收获自己的爱情与更充实幸福的人生~,2,双鱼座,O,,浙江,宁波,56,上海交通大学,,,,,,,,,,
227687231,羽羽,female,1,157,76,5,,绵阳,57,,"我是一名医生爱卫生，讲清洁。对人善解人意通情达理是个体贴,细心,善良,顾家的人 ，爱好广泛的我，喜欢旅行。",2,水瓶座,B,,四川,成都,56,川北医学院,,,,,,,,,,
227933228,点绛唇,female,2,166,63,5,,保定,50,"[摄影, 音乐, 购物, 烹饪, 中国菜, 健康食品, 巧克力和甜点, 艺术与摄影, 烹饪与饮食, 旅游, 投资理财, 娱乐时尚, 爱情, 喜剧, 悬疑推理, 音乐歌舞, 相声曲艺, 休闲生活, 饭店, 商场, 图书馆/书店, 咖啡厅, 其它, 惬意海岛, 名山古刹, 风情名城, 秀美山水, 历史遗迹]",有意男士，请您不吝贴付一枚邮票，看不到您的信息无法回复。我是独立，温柔，细心，持家的女士，恬静优雅，身材适中，生活状态比较安逸，心情“平平淡淡，从从容容”，觅合得来的伴儿，彼此都愿意包容对方，希望你是个整洁大方儒雅的人，彼此相处能够做真实的自己，在一起时轻松愉悦，无需费力伪装。心胸狭隘，大男子主义，偷懒耍滑，小里小气的本人接受不了。不真实真诚者勿扰！小男孩勿扰！更没时间应付骗子！希望优秀的男士一起携手，幸福相伴。很简单，却不易，一起努力！（本人原创心声）,1,摩羯座,O,4,,北京朝阳,56,,,,,,,,,,,
227551520,静心,female,1,164,79,3,,大渡口,57,"[购物, 舞蹈, 体育运动, 旅游]",渐渐老去的我，渐渐爱上了锻练，跑步，瑜伽，舞蹈，走秀。时常朋友约起出去走走，玩玩抖音，呵呵，还是丰富多趣的。一日一人三餐还是差点什么，希望2023年能遇见居家过日子，真心待我的你。好想有你有我的家…,1,巨蟹座,A,,,重庆,56,,,,,,,,,,,
228023091,温暖,female,1,158,89,4,,武汉,51,,我是单亲母亲，有一个孩子，暂时在武汉上班。希望找荆门、钟祥、武汉这三个地方的有缘人！传销、酒托、饭托请不要找我，本人虽不世故有心机，但还是有一定的阅人能力，毕竟在这个尘世生存五十余年，从未跟社会脱轨。我不加qq 聊天，可以加微信并不屏蔽朋友圈的那种，可以先互相确认身份信息！,1,金牛座,B,15,,,56,,,,,,,,,,,
228248206,晴天娃娃,female,0,170,63,4,,深圳,34,,一直在南方工作。家里父母年纪大了，母亲也不想我远嫁。所以 在考虑找个老家的。（目前人还在深圳）88年身高170 星座 典型狮子。无重大病史（除了中年发福哈哈）。人生中也仅有2段简短的恋爱经历。爱好很广泛，旅游，爬山，游泳，球技很粉粉烂但超爱羽毛球。3点一线的生活轨迹，日子跟心境一样平静祥和。早已习惯了单身，架不住老母亲的哀嚎，上来碰下运气。关于理想中另一伴，身高175左右 阳光健康上进心强， 内心成熟稳重即可。最好有相同的爱好！年纪相仿最佳（相差10岁以上的就算了）有意请来信（最好付邮票，看不到的一般会直接删掉哦）不合适的我基本不回复。请见谅！愿2022最后的这几天 ，大家都能找到人生爱侣。谢谢！来平台也有一般时间了，pz还是有一定识别的能力。请自重！！！,2,狮子座,,16,,,56,,,,,,,,,,,
